常用表达,第一层神经元,第一层神经元编码,第二层神经元,第二层神经元编码,第三层神经元,第三层神经元编码
你是谁,设备相关,A1,设备人设,A11,,
你是哪位,设备相关,A1,设备人设,A11,,
你叫什么名字,设备相关,A1,设备人设,A11,,
你怎么称呼,设备相关,A1,设备人设,A11,,
你什么名字,设备相关,A1,设备人设,A11,,
你有没有名字,设备相关,A1,设备人设,A11,,
怎么称呼你,设备相关,A1,设备人设,A11,,
我们两什么关系,设备相关,A1,设备人设,A11,,
咱们什么关系,设备相关,A1,设备人设,A11,,
咱两什么关系,设备相关,A1,设备人设,A11,,
你叫啥名,设备相关,A1,设备人设,A11,,
你叫什么,设备相关,A1,设备人设,A11,,
我是你的什么人,设备相关,A1,设备人设,A11,,
你的姓名是什么,设备相关,A1,设备人设,A11,,
你跟我的关系,设备相关,A1,设备人设,A11,,
你能帮我干什么,设备相关,A1,设备功能,A12,,
你都有什么功能,设备相关,A1,设备功能,A12,,
你有哪些功能,设备相关,A1,设备功能,A12,,
说说你有什么功能,设备相关,A1,设备功能,A12,,
介绍一下你的功能,设备相关,A1,设备功能,A12,,
说说你都会什么,设备相关,A1,设备功能,A12,,
说说你都会什么,设备相关,A1,设备功能,A12,,
你会干什么,设备相关,A1,设备功能,A12,,
你会做什么,设备相关,A1,设备功能,A12,,
你能帮我做什么,设备相关,A1,设备功能,A12,,
你可以干什么,设备相关,A1,设备功能,A12,,
你可以做什么,设备相关,A1,设备功能,A12,,
你都会干什么,设备相关,A1,设备功能,A12,,
你都会做什么,设备相关,A1,设备功能,A12,,
你能做哪些,设备相关,A1,设备功能,A12,,
你都会哪些,设备相关,A1,设备功能,A12,,
你能我帮做什么,设备相关,A1,设备功能,A12,,
你会做啥,设备相关,A1,设备功能,A12,,
你能干啥,设备相关,A1,设备功能,A12,,
什么是AWS,企业专属服务,A2,企业基本信息,A21,企业简介,A2101
AWS是什么意思,企业专属服务,A2,企业基本信息,A21,企业简介,A2101
AWS的中文名字是什么,企业专属服务,A2,企业基本信息,A21,企业简介,A2101
AWS的中文名称怎么说,企业专属服务,A2,企业基本信息,A21,企业简介,A2101
介绍一下AWS公司,企业专属服务,A2,企业基本信息,A21,企业简介,A2101
跟我讲一下AWS公司,企业专属服务,A2,企业基本信息,A21,企业简介,A2101
什么是亚马逊云科技,企业专属服务,A2,企业基本信息,A21,企业简介,A2101
AWS业务,企业专属服务,A2,企业基本信息,A21,企业简介,A2101
AWS简介,企业专属服务,A2,企业基本信息,A21,企业简介,A2101
AWS是一家什么样的公司,企业专属服务,A2,企业基本信息,A21,企业简介,A2101
AWS是一家怎样的公司,企业专属服务,A2,企业基本信息,A21,企业简介,A2101
不太了解AWS是做什么的,企业专属服务,A2,企业基本信息,A21,企业简介,A2101
不太了解亚马逊云科技做什么的,企业专属服务,A2,企业基本信息,A21,企业简介,A2101
不太清楚亚马逊云科技做哪些业务,企业专属服务,A2,企业基本信息,A21,企业简介,A2101
AWS公司是干什么的,企业专属服务,A2,企业基本信息,A21,企业简介,A2101
AWS公司做干什么的,企业专属服务,A2,企业基本信息,A21,企业简介,A2101
AWS公司是干啥的,企业专属服务,A2,企业基本信息,A21,企业简介,A2101
AWS公司是做啥的,企业专属服务,A2,企业基本信息,A21,企业简介,A2101
不太熟悉AWS的业务,企业专属服务,A2,企业基本信息,A21,企业简介,A2101
不太清楚AWS是干什么,企业专属服务,A2,企业基本信息,A21,企业简介,A2101
AWS有什么业务,企业专属服务,A2,企业基本信息,A21,企业简介,A2101
AWS有哪些业务,企业专属服务,A2,企业基本信息,A21,企业简介,A2101
AWS做什么业务,企业专属服务,A2,企业基本信息,A21,企业简介,A2101
亚马逊云科技是干什么的,企业专属服务,A2,企业基本信息,A21,企业简介,A2101
亚马逊云科技做干什么的,企业专属服务,A2,企业基本信息,A21,企业简介,A2101
亚马逊云科技是干啥的,企业专属服务,A2,企业基本信息,A21,企业简介,A2101
亚马逊云科技是做啥的,企业专属服务,A2,企业基本信息,A21,企业简介,A2101
我不太了解亚马逊云科技,企业专属服务,A2,企业基本信息,A21,企业简介,A2101
我想了解亚马逊云科技,企业专属服务,A2,企业基本信息,A21,企业简介,A2101
我没听说过亚马逊云科技,企业专属服务,A2,企业基本信息,A21,企业简介,A2101
不太熟悉亚马逊云科技,企业专属服务,A2,企业基本信息,A21,企业简介,A2101
不太了解亚马逊云科技,企业专属服务,A2,企业基本信息,A21,企业简介,A2101
不太清楚亚马逊云科技,企业专属服务,A2,企业基本信息,A21,企业简介,A2101
亚马逊云科技有什么业务,企业专属服务,A2,企业基本信息,A21,企业简介,A2101
亚马逊云科技有那些业务,企业专属服务,A2,企业基本信息,A21,企业简介,A2101
介绍一下亚马逊云科技,企业专属服务,A2,企业基本信息,A21,企业简介,A2101
讲一下亚马逊云科技,企业专属服务,A2,企业基本信息,A21,企业简介,A2101
怎么联系AWS,企业专属服务,A2,企业基本信息,A21,联系方式,A2102
如何联系AWS,企业专属服务,A2,企业基本信息,A21,联系方式,A2102
怎么联系亚马逊云科技,企业专属服务,A2,企业基本信息,A21,联系方式,A2102
如何联系亚马逊云科技,企业专属服务,A2,企业基本信息,A21,联系方式,A2102
怎么联系你们公司,企业专属服务,A2,企业基本信息,A21,联系方式,A2102
如何联系你们公司,企业专属服务,A2,企业基本信息,A21,联系方式,A2102
AWS联系方式,企业专属服务,A2,企业基本信息,A21,联系方式,A2102
AWS电话,企业专属服务,A2,企业基本信息,A21,联系方式,A2102
AWS地址,企业专属服务,A2,企业基本信息,A21,联系方式,A2102
AWS是美国的吗,企业专属服务,A2,企业基本信息,A21,联系方式,A2102
AWS中国区总部在哪儿,企业专属服务,A2,企业基本信息,A21,联系方式,A2102
AWS中国总部在北京吗,企业专属服务,A2,企业基本信息,A21,联系方式,A2102
AWS中国总部在上海吗,企业专属服务,A2,企业基本信息,A21,联系方式,A2102
AWS公司总部在哪儿,企业专属服务,A2,企业基本信息,A21,联系方式,A2102
AWS公司在哪个地方,企业专属服务,A2,企业基本信息,A21,联系方式,A2102
AWS公司在哪个国家,企业专属服务,A2,企业基本信息,A21,联系方式,A2102
AWS公司是哪国的,企业专属服务,A2,企业基本信息,A21,联系方式,A2102
AWS公司在哪个城市,企业专属服务,A2,企业基本信息,A21,联系方式,A2102
AWS官网,企业专属服务,A2,企业基本信息,A21,联系方式,A2102
你们公司网址是多少,企业专属服务,A2,企业基本信息,A21,联系方式,A2102
AWS公司网址是多少,企业专属服务,A2,企业基本信息,A21,联系方式,A2102
亚马逊云科技网址是多少,企业专属服务,A2,企业基本信息,A21,联系方式,A2102
亚马逊云科技官方网址是哪个,企业专属服务,A2,企业基本信息,A21,联系方式,A2102
你们公司官方网站是哪个,企业专属服务,A2,企业基本信息,A21,联系方式,A2102
AWS公司官方网站是哪个,企业专属服务,A2,企业基本信息,A21,联系方式,A2102
你们公司网站是哪个,企业专属服务,A2,企业基本信息,A21,联系方式,A2102
AWS公司网站是哪个,企业专属服务,A2,企业基本信息,A21,联系方式,A2102
亚马逊云科技网站是哪个,企业专属服务,A2,企业基本信息,A21,联系方式,A2102
AWS公司的联系方式,企业专属服务,A2,企业基本信息,A21,联系方式,A2102
你们公司电话多少,企业专属服务,A2,企业基本信息,A21,联系方式,A2102
AWS公司电话是多少,企业专属服务,A2,企业基本信息,A21,联系方式,A2102
你们公司电话号码是什么,企业专属服务,A2,企业基本信息,A21,联系方式,A2102
亚马逊云科技电话是多少,企业专属服务,A2,企业基本信息,A21,联系方式,A2102
你们公司热线电话多少,企业专属服务,A2,企业基本信息,A21,联系方式,A2102
AWS公司热线电话是多少,企业专属服务,A2,企业基本信息,A21,联系方式,A2102
你们公司热线电话号码是什么,企业专属服务,A2,企业基本信息,A21,联系方式,A2102
你们公司服务热线多少,企业专属服务,A2,企业基本信息,A21,联系方式,A2102
AWS公司服务热线是多少,企业专属服务,A2,企业基本信息,A21,联系方式,A2102
你们公司服务热线号码是什么,企业专属服务,A2,企业基本信息,A21,联系方式,A2102
AWS公司在哪儿,企业专属服务,A2,企业基本信息,A21,联系方式,A2102
AWS公司在什么地方,企业专属服务,A2,企业基本信息,A21,联系方式,A2102
亚马逊云科技在什么地方,企业专属服务,A2,企业基本信息,A21,联系方式,A2102
AWS公司地址在哪儿,企业专属服务,A2,企业基本信息,A21,联系方式,A2102
AWS在哪里,企业专属服务,A2,企业基本信息,A21,联系方式,A2102
AWS公司地址在哪里,企业专属服务,A2,企业基本信息,A21,联系方式,A2102
亚马逊云科技地址在哪儿,企业专属服务,A2,企业基本信息,A21,联系方式,A2102
亚马逊云科技地址在哪里,企业专属服务,A2,企业基本信息,A21,联系方式,A2102
亚马逊云科技在哪儿,企业专属服务,A2,企业基本信息,A21,联系方式,A2102
亚马逊云科技在哪里,企业专属服务,A2,企业基本信息,A21,联系方式,A2102
你们公司官网是多少,企业专属服务,A2,企业基本信息,A21,联系方式,A2102
AWS公司官网是多少,企业专属服务,A2,企业基本信息,A21,联系方式,A2102
亚马逊云科技官网是多少,企业专属服务,A2,企业基本信息,A21,联系方式,A2102
你们公司官方网址是多少,企业专属服务,A2,企业基本信息,A21,联系方式,A2102
AWS公司官方网址是什么,企业专属服务,A2,企业基本信息,A21,联系方式,A2102
亚马逊云科技官方网址是什么,企业专属服务,A2,企业基本信息,A21,联系方式,A2102
你们公司官方网站是什么,企业专属服务,A2,企业基本信息,A21,联系方式,A2102
AWS公司官方网站是什么,企业专属服务,A2,企业基本信息,A21,联系方式,A2102
亚马逊云科技官方网站是多少,企业专属服务,A2,企业基本信息,A21,联系方式,A2102
产品,企业专属服务,A2,企业产品,A22,,
产品查询,企业专属服务,A2,企业产品,A22,,
产品推荐,企业专属服务,A2,企业产品,A22,,
AWS都有什么产品,企业专属服务,A2,企业产品,A22,,
AWS都提供什么产品,企业专属服务,A2,企业产品,A22,,
你们公司都有什么热门的产品,企业专属服务,A2,企业产品,A22,,
你们公司都提供什么产品,企业专属服务,A2,企业产品,A22,,
AWS都有哪些产品,企业专属服务,A2,企业产品,A22,,
AWS都提供哪些产品,企业专属服务,A2,企业产品,A22,,
你们公司都有哪些产品,企业专属服务,A2,企业产品,A22,,
你们公司都提供哪些产品,企业专属服务,A2,企业产品,A22,,
AWS都有啥产品,企业专属服务,A2,企业产品,A22,,
AWS都提供啥产品,企业专属服务,A2,企业产品,A22,,
你们公司都有啥最新的产品,企业专属服务,A2,企业产品,A22,,
你们公司都提供啥产品,企业专属服务,A2,企业产品,A22,,
AWSii今年有什么热门产品,企业专属服务,A2,企业产品,A22,,
亚马逊云科技都做什么产品,企业专属服务,A2,企业产品,A22,,
亚马逊云科技都提供什么产品,企业专属服务,A2,企业产品,A22,,
AWS都做哪些产品,企业专属服务,A2,企业产品,A22,,
亚马逊云科技都做哪些产品,企业专属服务,A2,企业产品,A22,,
亚马逊云科技都提供哪些产品,企业专属服务,A2,企业产品,A22,,
AWS都做啥产品,企业专属服务,A2,企业产品,A22,,
亚马逊云科技都做啥产品,企业专属服务,A2,企业产品,A22,,
亚马逊云科技都提供啥产品,企业专属服务,A2,企业产品,A22,,
跟我说说AWS的产品,企业专属服务,A2,企业产品,A22,,
给我讲讲AWS的产品,企业专属服务,A2,企业产品,A22,,
给我介绍介绍AWS的产品,企业专属服务,A2,企业产品,A22,,
讲一下AWS的EC2产品,企业专属服务,A2,企业产品,A22,,
介绍一下AWS的S3产品,企业专属服务,A2,企业产品,A22,,
我想了解一下AWS的产品,企业专属服务,A2,企业产品,A22,,
推荐一下你们的热门产品,企业专属服务,A2,企业产品,A22,,
推荐一下你们的最新产品,企业专属服务,A2,企业产品,A22,,
有没有什么热门的产品，推荐一下,企业专属服务,A2,企业产品,A22,,
有没有什么最新的产品，介绍一下,企业专属服务,A2,企业产品,A22,,
介绍一下AWS公司的产品,企业专属服务,A2,企业产品,A22,,
讲讲AWS的产品体系,企业专属服务,A2,企业产品,A22,,
你们公司都有什么产品,企业专属服务,A2,企业产品,A22,,
你们公司都有啥产品,企业专属服务,A2,企业产品,A22,,
AWS都做什么产品,企业专属服务,A2,企业产品,A22,,
亚马逊云科技都提供什么云服务产品,企业专属服务,A2,企业产品,A22,,
亚马逊云科技都提供哪些云服务产品,企业专属服务,A2,企业产品,A22,,
亚马逊云科技都提供啥云服务产品,企业专属服务,A2,企业产品,A22,,
你们公司都提供啥云服务产品,企业专属服务,A2,企业产品,A22,,
把AWS的产品资料发我一下,企业专属服务,A2,企业产品,A22,,
把AWS的产品资料发给我,企业专属服务,A2,企业产品,A22,,
把AWS的产品资料发到我邮箱,企业专属服务,A2,企业产品,A22,,
把AWS的产品资料发我邮件,企业专属服务,A2,企业产品,A22,,
把AWS的产品说明资料发我一下,企业专属服务,A2,企业产品,A22,,
把AWS的产品说明资料发给我,企业专属服务,A2,企业产品,A22,,
把亚马逊云科技的产品说明资料发到我邮箱,企业专属服务,A2,企业产品,A22,,
把亚马逊云科技的产品说明发我邮件,企业专属服务,A2,企业产品,A22,,
把亚马逊云科技的产品文档发我一下,企业专属服务,A2,企业产品,A22,,
把亚马逊云科技的产品文档发给我,企业专属服务,A2,企业产品,A22,,
把亚马逊云科技的产品文档发到我邮箱,企业专属服务,A2,企业产品,A22,,
把亚马逊云科技的产品文档资料发我邮件,企业专属服务,A2,企业产品,A22,,
介绍一下产品，EC2,企业专属服务,A2,企业产品,A22,,
Amazon Aurora是什么产品,企业专属服务,A2,企业产品,A22,,
跟我介绍一下Amazon Aurora产品,企业专属服务,A2,企业产品,A22,,
介绍一下你们公司的Amazon EC2 产品,企业专属服务,A2,企业产品,A22,,
那个DocumentDB 产品是干什么的,企业专属服务,A2,企业产品,A22,,
讲一下AWS的产品,企业专属服务,A2,企业产品,A22,,
介绍一下AWS的产品,企业专属服务,A2,企业产品,A22,,
你们公司都做什么产品,企业专属服务,A2,企业产品,A22,,
你们公司都做哪些产品,企业专属服务,A2,企业产品,A22,,
你们公司都做啥产品,企业专属服务,A2,企业产品,A22,,
AWS都有什么云服务产品,企业专属服务,A2,企业产品,A22,,
你们公司都有什么云服务产品,企业专属服务,A2,企业产品,A22,,
AWS都有哪些云服务产品,企业专属服务,A2,企业产品,A22,,
你们公司都有哪些云服务产品,企业专属服务,A2,企业产品,A22,,
AWS都有啥云服务产品,企业专属服务,A2,企业产品,A22,,
你们公司都有啥云服务产品,企业专属服务,A2,企业产品,A22,,
能把EC2的产品资料发我一下吗,企业专属服务,A2,企业产品,A22,,
把Amozon EC2的产品信息发我一下,企业专属服务,A2,企业产品,A22,,
把EC2的产品介绍发我邮箱,企业专属服务,A2,企业产品,A22,,
把EC2的产品资料给我发一份,企业专属服务,A2,企业产品,A22,,
可以把S3的产品信息发我邮箱吗,企业专属服务,A2,企业产品,A22,,
我想要S3的产品文档资料,企业专属服务,A2,企业产品,A22,,
能提供AWS S3的产品资料吗,企业专属服务,A2,企业产品,A22,,
能提供一下S3的产品文档，，发邮箱给我,企业专属服务,A2,企业产品,A22,,
能给一下Amozon S3的产品文档吗,企业专属服务,A2,企业产品,A22,,
有没有RDS的产品文档，发我邮箱看看,企业专属服务,A2,企业产品,A22,,
有没有RDS的产品文件，给我发邮件我看一下,企业专属服务,A2,企业产品,A22,,
有没有Amozon RDS的产品文档，我想看看看,企业专属服务,A2,企业产品,A22,,
有Lightsail产品的产品文件吗，给我发一下,企业专属服务,A2,企业产品,A22,,
有PDF格式的SageMaker产品介绍吗,企业专属服务,A2,企业产品,A22,,
有SageMaker产品的PDF文档吗,企业专属服务,A2,企业产品,A22,,
AWS都有什么计算产品,企业专属服务,A2,企业产品,A22,计算,A2201
AWS都提供什么计算产品,企业专属服务,A2,企业产品,A22,计算,A2201
你们公司都有什么计算产品,企业专属服务,A2,企业产品,A22,计算,A2201
你们公司都提供什么计算产品,企业专属服务,A2,企业产品,A22,计算,A2201
AWS都有哪些计算产品,企业专属服务,A2,企业产品,A22,计算,A2201
你们公司都有哪些计算产品,企业专属服务,A2,企业产品,A22,计算,A2201
你们公司都提供哪些计算产品,企业专属服务,A2,企业产品,A22,计算,A2201
你们公司有没有计算产品,企业专属服务,A2,企业产品,A22,计算,A2201
你们公司有计算产品吗,企业专属服务,A2,企业产品,A22,计算,A2201
AWS有没有计算产品,企业专属服务,A2,企业产品,A22,计算,A2201
AWS有什么最新的计算产品,企业专属服务,A2,企业产品,A22,计算,A2201
亚马逊云科技都有什么计算产品,企业专属服务,A2,企业产品,A22,计算,A2201
亚马逊云科技都提供什么计算产品,企业专属服务,A2,企业产品,A22,计算,A2201
亚马逊云科技都有哪些计算产品,企业专属服务,A2,企业产品,A22,计算,A2201
亚马逊云科技有没有计算产品,企业专属服务,A2,企业产品,A22,计算,A2201
亚马逊云科技有计算产品吗,企业专属服务,A2,企业产品,A22,计算,A2201
跟我说说AWS的计算产品,企业专属服务,A2,企业产品,A22,计算,A2201
给我讲讲你们公司的计算产品,企业专属服务,A2,企业产品,A22,计算,A2201
跟我介绍一下你们公司计算产品,企业专属服务,A2,企业产品,A22,计算,A2201
跟我说说AWS的云服务器产品,企业专属服务,A2,企业产品,A22,计算,A2201
给我讲讲你们公司的云服务器产品,企业专属服务,A2,企业产品,A22,计算,A2201
跟我介绍一下你们公司云服务器产品,企业专属服务,A2,企业产品,A22,计算,A2201
AWS都有什么云服务器产品,企业专属服务,A2,企业产品,A22,计算,A2201
AWS都提供什么云服务器产品,企业专属服务,A2,企业产品,A22,计算,A2201
你们公司都有什么云服务器产品,企业专属服务,A2,企业产品,A22,计算,A2201
你们公司都提供什么云服务器产品,企业专属服务,A2,企业产品,A22,计算,A2201
AWS都有哪些云服务器产品,企业专属服务,A2,企业产品,A22,计算,A2201
你们公司都有哪些云服务器产品,企业专属服务,A2,企业产品,A22,计算,A2201
你们公司都提供哪些云服务器产品,企业专属服务,A2,企业产品,A22,计算,A2201
你们公司有没有云服务器产品,企业专属服务,A2,企业产品,A22,计算,A2201
你们公司有云服务器产品吗,企业专属服务,A2,企业产品,A22,计算,A2201
AWS有没有云服务器产品,企业专属服务,A2,企业产品,A22,计算,A2201
AWS有云服务器产品吗,企业专属服务,A2,企业产品,A22,计算,A2201
亚马逊云科技都有什么云服务器产品,企业专属服务,A2,企业产品,A22,计算,A2201
亚马逊云科技都提供什么云服务器产品,企业专属服务,A2,企业产品,A22,计算,A2201
亚马逊云科技都有哪些云服务器产品,企业专属服务,A2,企业产品,A22,计算,A2201
亚马逊云科技有没有云服务器产品,企业专属服务,A2,企业产品,A22,计算,A2201
亚马逊云科技有云服务器产品吗,企业专属服务,A2,企业产品,A22,计算,A2201
AWS都有什么云主机产品,企业专属服务,A2,企业产品,A22,计算,A2201
AWS都提供什么云主机产品,企业专属服务,A2,企业产品,A22,计算,A2201
你们公司都有什么云主机产品,企业专属服务,A2,企业产品,A22,计算,A2201
你们公司都提供什么云主机产品,企业专属服务,A2,企业产品,A22,计算,A2201
AWS都有哪些云主机产品,企业专属服务,A2,企业产品,A22,计算,A2201
你们公司都有哪些云主机产品,企业专属服务,A2,企业产品,A22,计算,A2201
你们公司都提供哪些云主机产品,企业专属服务,A2,企业产品,A22,计算,A2201
你们公司有没有云主机产品,企业专属服务,A2,企业产品,A22,计算,A2201
你们公司有云主机产品吗,企业专属服务,A2,企业产品,A22,计算,A2201
AWS有没有云主机产品,企业专属服务,A2,企业产品,A22,计算,A2201
AWS有云主机产品吗,企业专属服务,A2,企业产品,A22,计算,A2201
亚马逊云科技都有什么云主机产品,企业专属服务,A2,企业产品,A22,计算,A2201
亚马逊云科技都提供什么云主机产品,企业专属服务,A2,企业产品,A22,计算,A2201
亚马逊云科技都有哪些云主机产品,企业专属服务,A2,企业产品,A22,计算,A2201
亚马逊云科技有没有云主机产品,企业专属服务,A2,企业产品,A22,计算,A2201
亚马逊云科技有云主机产品吗,企业专属服务,A2,企业产品,A22,计算,A2201
跟我说说AWS的云主机产品,企业专属服务,A2,企业产品,A22,计算,A2201
给我讲讲你们公司的云主机产品,企业专属服务,A2,企业产品,A22,计算,A2201
跟我介绍一下你们公司云主机产品,企业专属服务,A2,企业产品,A22,计算,A2201
我想了解一下AWS的计算产品,企业专属服务,A2,企业产品,A22,计算,A2201
我想了解一下AWS的云服务器产品,企业专属服务,A2,企业产品,A22,计算,A2201
把AWS计算产品的资料文件发我一下,企业专属服务,A2,企业产品,A22,计算,A2201
把AWS云服务器产品的资料文件发给我,企业专属服务,A2,企业产品,A22,计算,A2201
把AWS云服务器产品的资料文件发到我邮箱,企业专属服务,A2,企业产品,A22,计算,A2201
把AWS热门的云服务器产品资料发我邮件,企业专属服务,A2,企业产品,A22,计算,A2201
把AWS云服务器产品的说明资料发我一下,企业专属服务,A2,企业产品,A22,计算,A2201
把AWS计算产品的说明资料发给我,企业专属服务,A2,企业产品,A22,计算,A2201
能把计算产品资料邮件发我一下吗,企业专属服务,A2,企业产品,A22,计算,A2201
把计算产品资料发我邮箱一下,企业专属服务,A2,企业产品,A22,计算,A2201
把亚马逊云科技计算产品的说明资料发到我邮箱,企业专属服务,A2,企业产品,A22,计算,A2201
把亚马逊云科技计算产品的说明发我邮件,企业专属服务,A2,企业产品,A22,计算,A2201
把亚马逊云科技最新的计算产品文档发我一下,企业专属服务,A2,企业产品,A22,计算,A2201
把亚马逊云科技计算产品的文档发给我,企业专属服务,A2,企业产品,A22,计算,A2201
把亚马逊云科技计算产品的文档发到我邮箱,企业专属服务,A2,企业产品,A22,计算,A2201
把亚马逊云科技计算产品的文档资料发我邮件,企业专属服务,A2,企业产品,A22,计算,A2201
AWS都有什么数据库产品,企业专属服务,A2,企业产品,A22,数据库,A2202
AWS都提供什么数据库产品,企业专属服务,A2,企业产品,A22,数据库,A2202
你们公司都有什么数据库产品,企业专属服务,A2,企业产品,A22,数据库,A2202
你们公司都提供什么数据库产品,企业专属服务,A2,企业产品,A22,数据库,A2202
AWS都有哪些数据库产品,企业专属服务,A2,企业产品,A22,数据库,A2202
你们公司都有哪些数据库产品,企业专属服务,A2,企业产品,A22,数据库,A2202
你们公司都提供哪些数据库产品,企业专属服务,A2,企业产品,A22,数据库,A2202
你们公司有没有数据库产品,企业专属服务,A2,企业产品,A22,数据库,A2202
你们公司有数据库产品吗,企业专属服务,A2,企业产品,A22,数据库,A2202
AWS有没有数据库产品,企业专属服务,A2,企业产品,A22,数据库,A2202
AWS有数据库产品吗,企业专属服务,A2,企业产品,A22,数据库,A2202
亚马逊云科技都有什么数据库产品,企业专属服务,A2,企业产品,A22,数据库,A2202
亚马逊云科技都提供什么数据库产品,企业专属服务,A2,企业产品,A22,数据库,A2202
亚马逊云科技都有哪些数据库产品,企业专属服务,A2,企业产品,A22,数据库,A2202
亚马逊云科技有没有数据库产品,企业专属服务,A2,企业产品,A22,数据库,A2202
亚马逊云科技有数据库产品吗,企业专属服务,A2,企业产品,A22,数据库,A2202
跟我说说AWS的数据库产品,企业专属服务,A2,企业产品,A22,数据库,A2202
给我讲讲你们公司的数据库产品,企业专属服务,A2,企业产品,A22,数据库,A2202
跟我介绍一下你们公司数据库产品,企业专属服务,A2,企业产品,A22,数据库,A2202
我想了解一下AWS的数据库产品,企业专属服务,A2,企业产品,A22,数据库,A2202
把AWS数据库产品的资料文件发我一下,企业专属服务,A2,企业产品,A22,数据库,A2202
把AWS数据库产品的资料文件发给我,企业专属服务,A2,企业产品,A22,数据库,A2202
把AWS数据库产品的资料文件发到我邮箱,企业专属服务,A2,企业产品,A22,数据库,A2202
把AWS热门的数据库产品资料发我邮件,企业专属服务,A2,企业产品,A22,数据库,A2202
把AWS数据库产品的说明资料发我一下,企业专属服务,A2,企业产品,A22,数据库,A2202
把AWS数据库产品的说明资料发给我,企业专属服务,A2,企业产品,A22,数据库,A2202
把亚马逊云科技数据库产品的说明资料发到我邮箱,企业专属服务,A2,企业产品,A22,数据库,A2202
把亚马逊云科技数据库产品的说明发我邮件,企业专属服务,A2,企业产品,A22,数据库,A2202
把亚马逊云科技最新的数据库产品文档发我一下,企业专属服务,A2,企业产品,A22,数据库,A2202
把亚马逊云科技数据库产品的文档发给我,企业专属服务,A2,企业产品,A22,数据库,A2202
把亚马逊云科技数据库产品的文档发到我邮箱,企业专属服务,A2,企业产品,A22,数据库,A2202
把亚马逊云科技数据库产品的文档资料发我邮件,企业专属服务,A2,企业产品,A22,数据库,A2202
可以把数据库产品的文档发我邮箱吗,企业专属服务,A2,企业产品,A22,数据库,A2202
我想要数据库产品的资料,企业专属服务,A2,企业产品,A22,数据库,A2202
能提供一下数据库产品的文档资料吗,企业专属服务,A2,企业产品,A22,数据库,A2202
能提供数据库产品的文档吗,企业专属服务,A2,企业产品,A22,数据库,A2202
能给一下数据库产品的文件吗，发邮件看看,企业专属服务,A2,企业产品,A22,数据库,A2202
AWS都有什么存储产品,企业专属服务,A2,企业产品,A22,存储,A2203
AWS都提供什么存储产品,企业专属服务,A2,企业产品,A22,存储,A2203
你们公司都有什么存储产品,企业专属服务,A2,企业产品,A22,存储,A2203
你们公司都提供什么存储产品,企业专属服务,A2,企业产品,A22,存储,A2203
AWS都有哪些存储产品,企业专属服务,A2,企业产品,A22,存储,A2203
你们公司都有哪些存储产品,企业专属服务,A2,企业产品,A22,存储,A2203
你们公司都提供哪些存储产品,企业专属服务,A2,企业产品,A22,存储,A2203
你们公司有没有存储产品,企业专属服务,A2,企业产品,A22,存储,A2203
你们公司有存储产品吗,企业专属服务,A2,企业产品,A22,存储,A2203
AWS有没有存储产品,企业专属服务,A2,企业产品,A22,存储,A2203
AWS有存储产品吗,企业专属服务,A2,企业产品,A22,存储,A2203
亚马逊云科技都有什么存储产品,企业专属服务,A2,企业产品,A22,存储,A2203
亚马逊云科技都提供什么存储产品,企业专属服务,A2,企业产品,A22,存储,A2203
亚马逊云科技都有哪些存储产品,企业专属服务,A2,企业产品,A22,存储,A2203
亚马逊云科技有没有存储产品,企业专属服务,A2,企业产品,A22,存储,A2203
亚马逊云科技有存储产品吗,企业专属服务,A2,企业产品,A22,存储,A2203
跟我说说AWS的存储产品,企业专属服务,A2,企业产品,A22,存储,A2203
给我讲讲你们公司的存储产品,企业专属服务,A2,企业产品,A22,存储,A2203
跟我介绍一下你们公司存储产品,企业专属服务,A2,企业产品,A22,存储,A2203
有没有存储产品的word文档，发邮件给我,企业专属服务,A2,企业产品,A22,存储,A2203
有没有PDF格式的存储产品文件,企业专属服务,A2,企业产品,A22,存储,A2203
有没有存储PDF文档格式的产品资料,企业专属服务,A2,企业产品,A22,存储,A2203
把AWS存储产品的资料文件发我一下,企业专属服务,A2,企业产品,A22,存储,A2203
把AWS存储产品的资料文件发给我,企业专属服务,A2,企业产品,A22,存储,A2203
把AWS存储产品的资料文件发到我邮箱,企业专属服务,A2,企业产品,A22,存储,A2203
把AWS热门的存储产品资料发我邮件,企业专属服务,A2,企业产品,A22,存储,A2203
把AWS存储产品的说明资料发我一下,企业专属服务,A2,企业产品,A22,存储,A2203
把AWS存储产品的说明资料发给我,企业专属服务,A2,企业产品,A22,存储,A2203
把亚马逊云科技存储产品的说明资料发到我邮箱,企业专属服务,A2,企业产品,A22,存储,A2203
把亚马逊云科技存储产品的说明发我邮件,企业专属服务,A2,企业产品,A22,存储,A2203
把亚马逊云科技最新的存储产品文档发我一下,企业专属服务,A2,企业产品,A22,存储,A2203
把亚马逊云科技存储产品的文档发给我,企业专属服务,A2,企业产品,A22,存储,A2203
把亚马逊云科技存储产品的文档发到我邮箱,企业专属服务,A2,企业产品,A22,存储,A2203
把亚马逊云科技存储产品的文档资料发我邮件,企业专属服务,A2,企业产品,A22,存储,A2203
AWS都有什么云网络产品,企业专属服务,A2,企业产品,A22,网络,A2204
AWS都提供什么云网络产品,企业专属服务,A2,企业产品,A22,网络,A2204
你们公司都有什么云网络产品,企业专属服务,A2,企业产品,A22,网络,A2204
你们公司都提供什么云网络产品,企业专属服务,A2,企业产品,A22,网络,A2204
AWS都有哪些云网络产品,企业专属服务,A2,企业产品,A22,网络,A2204
你们公司都有哪些云网络产品,企业专属服务,A2,企业产品,A22,网络,A2204
你们公司都提供哪些网络产品,企业专属服务,A2,企业产品,A22,网络,A2204
你们公司有没有网络产品,企业专属服务,A2,企业产品,A22,网络,A2204
你们公司有网络产品吗,企业专属服务,A2,企业产品,A22,网络,A2204
AWS有没有网络产品,企业专属服务,A2,企业产品,A22,网络,A2204
AWS有网络产品吗,企业专属服务,A2,企业产品,A22,网络,A2204
亚马逊云科技都有什么网络产品,企业专属服务,A2,企业产品,A22,网络,A2204
亚马逊云科技都提供什么网络产品,企业专属服务,A2,企业产品,A22,网络,A2204
亚马逊云科技都有哪些网络产品,企业专属服务,A2,企业产品,A22,网络,A2204
亚马逊云科技有没有网络产品,企业专属服务,A2,企业产品,A22,网络,A2204
亚马逊云科技有网络产品吗,企业专属服务,A2,企业产品,A22,网络,A2204
跟我说说AWS的网络产品,企业专属服务,A2,企业产品,A22,网络,A2204
给我讲讲你们公司的网络产品,企业专属服务,A2,企业产品,A22,网络,A2204
跟我介绍一下你们公司网络产品,企业专属服务,A2,企业产品,A22,网络,A2204
我想了解一下AWS的网络产品,企业专属服务,A2,企业产品,A22,网络,A2204
AWS有没有联网服务产品,企业专属服务,A2,企业产品,A22,网络,A2204
AWS有联网服务产品吗,企业专属服务,A2,企业产品,A22,网络,A2204
亚马逊云科技都有什么联网服务产品,企业专属服务,A2,企业产品,A22,网络,A2204
亚马逊云科技都提供什么联网服务产品,企业专属服务,A2,企业产品,A22,网络,A2204
亚马逊云科技都有哪些联网服务产品,企业专属服务,A2,企业产品,A22,网络,A2204
亚马逊云科技有没有联网服务产品,企业专属服务,A2,企业产品,A22,网络,A2204
亚马逊云科技有联网服务产品吗,企业专属服务,A2,企业产品,A22,网络,A2204
跟我说说AWS的联网服务产品,企业专属服务,A2,企业产品,A22,网络,A2204
给我讲讲你们公司的联网服务产品,企业专属服务,A2,企业产品,A22,网络,A2204
跟我介绍一下你们公司联网服务产品,企业专属服务,A2,企业产品,A22,网络,A2204
我想了解一下AWS的联网服务产品,企业专属服务,A2,企业产品,A22,网络,A2204
把AWS云网络产品的资料文件发我一下,企业专属服务,A2,企业产品,A22,网络,A2204
把AWS云网络产品的资料文件发给我,企业专属服务,A2,企业产品,A22,网络,A2204
把AWS云网络产品的资料文件发到我邮箱,企业专属服务,A2,企业产品,A22,网络,A2204
把AWS热门的云网络产品资料发我邮件,企业专属服务,A2,企业产品,A22,网络,A2204
把AWS云网络产品的说明资料发我一下,企业专属服务,A2,企业产品,A22,网络,A2204
把AWS云网络产品的说明资料发给我,企业专属服务,A2,企业产品,A22,网络,A2204
把亚马逊云科技云网络产品的说明资料发到我邮箱,企业专属服务,A2,企业产品,A22,网络,A2204
把亚马逊云科技云网络产品的说明发我邮件,企业专属服务,A2,企业产品,A22,网络,A2204
把亚马逊云科技最新的云网络产品文档发我一下,企业专属服务,A2,企业产品,A22,网络,A2204
把亚马逊云科技云网络产品的文档发给我,企业专属服务,A2,企业产品,A22,网络,A2204
把亚马逊云科技云网络产品的文档发到我邮箱,企业专属服务,A2,企业产品,A22,网络,A2204
把亚马逊云科技云网络产品的文档资料发我邮件,企业专属服务,A2,企业产品,A22,网络,A2204
可以把网络产品的文档发我邮箱吗,企业专属服务,A2,企业产品,A22,网络,A2202
我想要网络产品的资料,企业专属服务,A2,企业产品,A22,网络,A2202
能提供一下网络产品的文档资料吗,企业专属服务,A2,企业产品,A22,网络,A2202
能提供网络产品的文档吗,企业专属服务,A2,企业产品,A22,网络,A2202
能给一下网络产品的文件吗，发邮件看看,企业专属服务,A2,企业产品,A22,网络,A2202
AWS都有什么机器学习产品,企业专属服务,A2,企业产品,A22,机器学习,A2205
AWS都提供什么机器学习产品,企业专属服务,A2,企业产品,A22,机器学习,A2205
你们公司都有什么机器学习产品,企业专属服务,A2,企业产品,A22,机器学习,A2205
你们公司都提供什么机器学习产品,企业专属服务,A2,企业产品,A22,机器学习,A2205
AWS都有哪些机器学习产品,企业专属服务,A2,企业产品,A22,机器学习,A2205
你们公司都有哪些机器学习产品,企业专属服务,A2,企业产品,A22,机器学习,A2205
你们公司都提供哪些机器学习产品,企业专属服务,A2,企业产品,A22,机器学习,A2205
你们公司有没有机器学习产品,企业专属服务,A2,企业产品,A22,机器学习,A2205
你们公司有机器学习产品吗,企业专属服务,A2,企业产品,A22,机器学习,A2205
AWS有没有机器学习产品,企业专属服务,A2,企业产品,A22,机器学习,A2205
AWS有机器学习产品吗,企业专属服务,A2,企业产品,A22,机器学习,A2205
亚马逊云科技都有什么机器学习产品,企业专属服务,A2,企业产品,A22,机器学习,A2205
亚马逊云科技都提供什么机器学习产品,企业专属服务,A2,企业产品,A22,机器学习,A2205
亚马逊云科技都有哪些机器学习产品,企业专属服务,A2,企业产品,A22,机器学习,A2205
亚马逊云科技有没有机器学习产品,企业专属服务,A2,企业产品,A22,机器学习,A2205
亚马逊云科技有机器学习产品吗,企业专属服务,A2,企业产品,A22,机器学习,A2205
跟我说说AWS的机器学习产品,企业专属服务,A2,企业产品,A22,机器学习,A2205
给我讲讲你们公司的机器学习产品,企业专属服务,A2,企业产品,A22,机器学习,A2205
跟我介绍一下你们公司机器学习产品,企业专属服务,A2,企业产品,A22,机器学习,A2205
AWS都有什么AI产品,企业专属服务,A2,企业产品,A22,机器学习,A2205
AWS都提供什么AI产品,企业专属服务,A2,企业产品,A22,机器学习,A2205
你们公司都有什么AI产品,企业专属服务,A2,企业产品,A22,机器学习,A2205
你们公司都提供什么AI产品,企业专属服务,A2,企业产品,A22,机器学习,A2205
AWS都有哪些AI产品,企业专属服务,A2,企业产品,A22,机器学习,A2205
你们公司都有哪些AI产品,企业专属服务,A2,企业产品,A22,机器学习,A2205
你们公司都提供哪些AI产品,企业专属服务,A2,企业产品,A22,机器学习,A2205
你们公司有没有AI产品,企业专属服务,A2,企业产品,A22,机器学习,A2205
你们公司有AI产品吗,企业专属服务,A2,企业产品,A22,机器学习,A2205
AWS有没有AI产品,企业专属服务,A2,企业产品,A22,机器学习,A2205
AWS有AI产品吗,企业专属服务,A2,企业产品,A22,机器学习,A2205
亚马逊云科技都有什么AI产品,企业专属服务,A2,企业产品,A22,机器学习,A2205
亚马逊云科技都提供什么AI产品,企业专属服务,A2,企业产品,A22,机器学习,A2205
亚马逊云科技都有哪些AI产品,企业专属服务,A2,企业产品,A22,机器学习,A2205
亚马逊云科技有没有AI产品,企业专属服务,A2,企业产品,A22,机器学习,A2205
亚马逊云科技有AI产品吗,企业专属服务,A2,企业产品,A22,机器学习,A2205
跟我说说AWS的AI产品,企业专属服务,A2,企业产品,A22,机器学习,A2205
给我讲讲你们公司的AI产品,企业专属服务,A2,企业产品,A22,机器学习,A2205
跟我介绍一下你们公司AI产品,企业专属服务,A2,企业产品,A22,机器学习,A2205
AWS都有什么人工智能产品,企业专属服务,A2,企业产品,A22,机器学习,A2205
AWS都提供什么人工智能产品,企业专属服务,A2,企业产品,A22,机器学习,A2205
你们公司都有什么人工智能产品,企业专属服务,A2,企业产品,A22,机器学习,A2205
你们公司都提供什么人工智能产品,企业专属服务,A2,企业产品,A22,机器学习,A2205
AWS都有哪些人工智能产品,企业专属服务,A2,企业产品,A22,机器学习,A2205
你们公司都有哪些人工智能产品,企业专属服务,A2,企业产品,A22,机器学习,A2205
你们公司都提供哪些人工智能产品,企业专属服务,A2,企业产品,A22,机器学习,A2205
你们公司有没有人工智能产品,企业专属服务,A2,企业产品,A22,机器学习,A2205
你们公司有人工智能产品吗,企业专属服务,A2,企业产品,A22,机器学习,A2205
AWS有没有人工智能产品,企业专属服务,A2,企业产品,A22,机器学习,A2205
AWS有人工智能产品吗,企业专属服务,A2,企业产品,A22,机器学习,A2205
亚马逊云科技都有什么人工智能产品,企业专属服务,A2,企业产品,A22,机器学习,A2205
亚马逊云科技都提供什么人工智能产品,企业专属服务,A2,企业产品,A22,机器学习,A2205
亚马逊云科技都有哪些人工智能产品,企业专属服务,A2,企业产品,A22,机器学习,A2205
亚马逊云科技有没有人工智能产品,企业专属服务,A2,企业产品,A22,机器学习,A2205
亚马逊云科技有人工智能产品吗,企业专属服务,A2,企业产品,A22,机器学习,A2205
跟我说说AWS的人工智能产品,企业专属服务,A2,企业产品,A22,机器学习,A2205
给我讲讲你们公司的人工智能产品,企业专属服务,A2,企业产品,A22,机器学习,A2205
跟我介绍一下你们公司人工智能产品,企业专属服务,A2,企业产品,A22,机器学习,A2205
我想了解一下AWS的机器学习产品,企业专属服务,A2,企业产品,A22,机器学习,A2205
把AWS机器学习产品的资料文件发我一下,企业专属服务,A2,企业产品,A22,机器学习,A2205
把AWS机器学习产品的资料文件发给我,企业专属服务,A2,企业产品,A22,机器学习,A2205
把AWS机器学习产品的资料文件发到我邮箱,企业专属服务,A2,企业产品,A22,机器学习,A2205
把AWS热门的机器学习产品资料文件发我邮件,企业专属服务,A2,企业产品,A22,机器学习,A2205
把AWS机器学习产品的说明资料发我一下,企业专属服务,A2,企业产品,A22,机器学习,A2205
把AWS机器学习产品的说明资料发给我,企业专属服务,A2,企业产品,A22,机器学习,A2205
把亚马逊云科技机器学习产品的说明资料发到我邮箱,企业专属服务,A2,企业产品,A22,机器学习,A2205
把亚马逊云科技机器学习产品的说明发我邮件,企业专属服务,A2,企业产品,A22,机器学习,A2205
把亚马逊云科技最新的机器学习产品文档发我一下,企业专属服务,A2,企业产品,A22,机器学习,A2205
把亚马逊云科技机器学习产品的文档发给我,企业专属服务,A2,企业产品,A22,机器学习,A2205
把亚马逊云科技机器学习产品的文档发到我邮箱,企业专属服务,A2,企业产品,A22,机器学习,A2205
把亚马逊云科技机器学习产品的文档资料发我邮件,企业专属服务,A2,企业产品,A22,机器学习,A2205
可以把机器学习产品的文档发我邮箱吗,企业专属服务,A2,企业产品,A22,机器学习,A2205
我想要机器学习产品的资料,企业专属服务,A2,企业产品,A22,机器学习,A2205
能提供一下机器学习产品的文档资料吗,企业专属服务,A2,企业产品,A22,机器学习,A2205
能提供机器学习产品的文档吗,企业专属服务,A2,企业产品,A22,机器学习,A2205
能给一下机器学习产品的文件吗，发邮件看看,企业专属服务,A2,企业产品,A22,机器学习,A2205
AWS都有什么游戏技术产品,企业专属服务,A2,企业产品,A22,游戏技术,A2206
AWS都提供什么游戏技术产品,企业专属服务,A2,企业产品,A22,游戏技术,A2206
你们公司都有什么游戏技术产品,企业专属服务,A2,企业产品,A22,游戏技术,A2206
你们公司都提供什么游戏技术产品,企业专属服务,A2,企业产品,A22,游戏技术,A2206
AWS都有哪些游戏技术产品,企业专属服务,A2,企业产品,A22,游戏技术,A2206
你们公司都有哪些游戏技术产品,企业专属服务,A2,企业产品,A22,游戏技术,A2206
你们公司都提供哪些游戏技术产品,企业专属服务,A2,企业产品,A22,游戏技术,A2206
你们公司有没有游戏技术产品,企业专属服务,A2,企业产品,A22,游戏技术,A2206
你们公司有游戏技术产品吗,企业专属服务,A2,企业产品,A22,游戏技术,A2206
AWS有没有游戏技术产品,企业专属服务,A2,企业产品,A22,游戏技术,A2206
AWS有游戏技术产品吗,企业专属服务,A2,企业产品,A22,游戏技术,A2206
亚马逊云科技都有什么游戏技术产品,企业专属服务,A2,企业产品,A22,游戏技术,A2206
亚马逊云科技都提供什么游戏技术产品,企业专属服务,A2,企业产品,A22,游戏技术,A2206
亚马逊云科技都有哪些游戏技术产品,企业专属服务,A2,企业产品,A22,游戏技术,A2206
亚马逊云科技有没有游戏技术产品,企业专属服务,A2,企业产品,A22,游戏技术,A2206
亚马逊云科技有游戏技术产品吗,企业专属服务,A2,企业产品,A22,游戏技术,A2206
跟我说说AWS的游戏技术产品,企业专属服务,A2,企业产品,A22,游戏技术,A2206
给我讲讲你们公司的游戏技术产品,企业专属服务,A2,企业产品,A22,游戏技术,A2206
跟我介绍一下你们公司游戏技术产品,企业专属服务,A2,企业产品,A22,游戏技术,A2206
我想了解一下AWS的游戏技术产品,企业专属服务,A2,企业产品,A22,游戏技术,A2206
把AWS游戏技术产品的资料文件发我一下,企业专属服务,A2,企业产品,A22,游戏技术,A2206
把AWS游戏技术产品的资料文件发给我,企业专属服务,A2,企业产品,A22,游戏技术,A2206
把AWS游戏技术产品的资料文件发到我邮箱,企业专属服务,A2,企业产品,A22,游戏技术,A2206
把AWS热门的游戏技术产品资料发我邮件,企业专属服务,A2,企业产品,A22,游戏技术,A2206
把AWS游戏技术产品的说明资料发我一下,企业专属服务,A2,企业产品,A22,游戏技术,A2206
把AWS游戏技术产品的说明资料发给我,企业专属服务,A2,企业产品,A22,游戏技术,A2206
把亚马逊云科技游戏技术产品的说明资料发到我邮箱,企业专属服务,A2,企业产品,A22,游戏技术,A2206
把亚马逊云科技游戏技术产品的说明发我邮件,企业专属服务,A2,企业产品,A22,游戏技术,A2206
把亚马逊云科技最新的游戏技术产品文档发我一下,企业专属服务,A2,企业产品,A22,游戏技术,A2206
把亚马逊云科技游戏技术产品的文档发给我,企业专属服务,A2,企业产品,A22,游戏技术,A2206
把亚马逊云科技游戏技术产品的文档发到我邮箱,企业专属服务,A2,企业产品,A22,游戏技术,A2206
把亚马逊云科技游戏技术产品的文档资料发我邮件,企业专属服务,A2,企业产品,A22,游戏技术,A2206
可以把游戏技术产品的文档发我邮箱吗,企业专属服务,A2,企业产品,A22,游戏技术,A2206
我想要游戏技术产品的资料,企业专属服务,A2,企业产品,A22,游戏技术,A2206
能提供一下游戏技术产品的文档资料吗,企业专属服务,A2,企业产品,A22,游戏技术,A2206
能提供游戏技术产品的文档吗,企业专属服务,A2,企业产品,A22,游戏技术,A2206
能给一下游戏技术产品的文件吗，发邮件看看,企业专属服务,A2,企业产品,A22,游戏技术,A2206
AWS都有什么云安全产品,企业专属服务,A2,企业产品,A22,安全性、身份与合规性,A2207
AWS都提供什么云安全产品,企业专属服务,A2,企业产品,A22,安全性、身份与合规性,A2207
你们公司都有什么云安全产品,企业专属服务,A2,企业产品,A22,安全性、身份与合规性,A2207
你们公司都提供什么云安全产品,企业专属服务,A2,企业产品,A22,安全性、身份与合规性,A2207
AWS都有哪些云安全产品,企业专属服务,A2,企业产品,A22,安全性、身份与合规性,A2207
你们公司都有哪些云安全产品,企业专属服务,A2,企业产品,A22,安全性、身份与合规性,A2207
你们公司都提供哪些云安全产品,企业专属服务,A2,企业产品,A22,安全性、身份与合规性,A2207
你们公司有没有云安全产品,企业专属服务,A2,企业产品,A22,安全性、身份与合规性,A2207
你们公司有云安全产品吗,企业专属服务,A2,企业产品,A22,安全性、身份与合规性,A2207
AWS有没有云安全产品,企业专属服务,A2,企业产品,A22,安全性、身份与合规性,A2207
AWS有云安全产品吗,企业专属服务,A2,企业产品,A22,安全性、身份与合规性,A2207
亚马逊云科技都有什么安全保护产品,企业专属服务,A2,企业产品,A22,安全性、身份与合规性,A2207
亚马逊云科技都提供什么安全保护产品,企业专属服务,A2,企业产品,A22,安全性、身份与合规性,A2207
亚马逊云科技都有哪些安全保护产品,企业专属服务,A2,企业产品,A22,安全性、身份与合规性,A2207
亚马逊云科技有没有安全保护产品,企业专属服务,A2,企业产品,A22,安全性、身份与合规性,A2207
亚马逊云科技有安全保护产品吗,企业专属服务,A2,企业产品,A22,安全性、身份与合规性,A2207
跟我说说AWS的安全保护产品,企业专属服务,A2,企业产品,A22,安全性、身份与合规性,A2207
给我讲讲你们公司的安全保护产品,企业专属服务,A2,企业产品,A22,安全性、身份与合规性,A2207
跟我介绍一下你们公司安全保护产品,企业专属服务,A2,企业产品,A22,安全性、身份与合规性,A2207
我想了解一下AWS的安全保护产品,企业专属服务,A2,企业产品,A22,安全性、身份与合规性,A2207
AWS都有什么身份管理产品,企业专属服务,A2,企业产品,A22,安全性、身份与合规性,A2207
AWS都提供什么身份管理产品,企业专属服务,A2,企业产品,A22,安全性、身份与合规性,A2207
你们公司都有什么身份管理产品,企业专属服务,A2,企业产品,A22,安全性、身份与合规性,A2207
你们公司都提供什么身份管理产品,企业专属服务,A2,企业产品,A22,安全性、身份与合规性,A2207
AWS都有哪些身份管理产品,企业专属服务,A2,企业产品,A22,安全性、身份与合规性,A2207
你们公司都有哪些数据保护产品,企业专属服务,A2,企业产品,A22,安全性、身份与合规性,A2207
你们公司都提供哪些数据保护产品,企业专属服务,A2,企业产品,A22,安全性、身份与合规性,A2207
你们公司有没有数据保护产品,企业专属服务,A2,企业产品,A22,安全性、身份与合规性,A2207
你们公司有数据保护产品吗,企业专属服务,A2,企业产品,A22,安全性、身份与合规性,A2207
AWS有没有数据保护产品,企业专属服务,A2,企业产品,A22,安全性、身份与合规性,A2207
AWS有数据保护产品吗,企业专属服务,A2,企业产品,A22,安全性、身份与合规性,A2207
亚马逊云科技都有什么数据安全产品,企业专属服务,A2,企业产品,A22,安全性、身份与合规性,A2207
亚马逊云科技都提供什么数据安全产品,企业专属服务,A2,企业产品,A22,安全性、身份与合规性,A2207
亚马逊云科技都有哪些数据安全产品,企业专属服务,A2,企业产品,A22,安全性、身份与合规性,A2207
亚马逊云科技有没有数据安全产品,企业专属服务,A2,企业产品,A22,安全性、身份与合规性,A2207
亚马逊云科技有数据安全产品吗,企业专属服务,A2,企业产品,A22,安全性、身份与合规性,A2207
跟我说说AWS的数据安全产品,企业专属服务,A2,企业产品,A22,安全性、身份与合规性,A2207
给我讲讲你们公司的数据安全产品,企业专属服务,A2,企业产品,A22,安全性、身份与合规性,A2207
跟我介绍一下你们公司数据安全产品,企业专属服务,A2,企业产品,A22,安全性、身份与合规性,A2207
我想了解一下AWS的数据安全产品,企业专属服务,A2,企业产品,A22,安全性、身份与合规性,A2207
AWS都有什么安全管理产品,企业专属服务,A2,企业产品,A22,安全性、身份与合规性,A2207
AWS都提供什么安全管理产品,企业专属服务,A2,企业产品,A22,安全性、身份与合规性,A2207
你们公司都有什么安全管理产品,企业专属服务,A2,企业产品,A22,安全性、身份与合规性,A2207
你们公司都提供什么安全管理产品,企业专属服务,A2,企业产品,A22,安全性、身份与合规性,A2207
AWS都有哪些安全管理产品,企业专属服务,A2,企业产品,A22,安全性、身份与合规性,A2207
你们公司都有哪些安全管理产品,企业专属服务,A2,企业产品,A22,安全性、身份与合规性,A2207
你们公司都提供哪些安全管理产品,企业专属服务,A2,企业产品,A22,安全性、身份与合规性,A2207
你们公司有没有风险管理产品,企业专属服务,A2,企业产品,A22,安全性、身份与合规性,A2207
你们公司有风险管理产品吗,企业专属服务,A2,企业产品,A22,安全性、身份与合规性,A2207
AWS有没有风险管理产品,企业专属服务,A2,企业产品,A22,安全性、身份与合规性,A2207
AWS有风险管理产品吗,企业专属服务,A2,企业产品,A22,安全性、身份与合规性,A2207
亚马逊云科技都有什么风险管理产品,企业专属服务,A2,企业产品,A22,安全性、身份与合规性,A2207
亚马逊云科技都提供什么风险管理产品,企业专属服务,A2,企业产品,A22,安全性、身份与合规性,A2207
亚马逊云科技都有哪些风险管理产品,企业专属服务,A2,企业产品,A22,安全性、身份与合规性,A2207
亚马逊云科技有没有风险管理产品,企业专属服务,A2,企业产品,A22,安全性、身份与合规性,A2207
亚马逊云科技有风险管理产品吗,企业专属服务,A2,企业产品,A22,安全性、身份与合规性,A2207
跟我说说AWS的风险管理产品,企业专属服务,A2,企业产品,A22,安全性、身份与合规性,A2207
给我讲讲你们公司的风险管理产品,企业专属服务,A2,企业产品,A22,安全性、身份与合规性,A2207
跟我介绍一下你们公司风险管理产品,企业专属服务,A2,企业产品,A22,安全性、身份与合规性,A2207
我想了解一下AWS的风险管理产品,企业专属服务,A2,企业产品,A22,安全性、身份与合规性,A2207
AWS都有什么应用安全产品,企业专属服务,A2,企业产品,A22,安全性、身份与合规性,A2207
AWS都提供什么应用安全产品,企业专属服务,A2,企业产品,A22,安全性、身份与合规性,A2207
你们公司都有什么应用安全产品,企业专属服务,A2,企业产品,A22,安全性、身份与合规性,A2207
你们公司都提供什么应用安全产品,企业专属服务,A2,企业产品,A22,安全性、身份与合规性,A2207
AWS都有哪些应用安全产品,企业专属服务,A2,企业产品,A22,安全性、身份与合规性,A2207
你们公司都有哪些应用安全产品,企业专属服务,A2,企业产品,A22,安全性、身份与合规性,A2207
你们公司都提供哪些应用安全产品,企业专属服务,A2,企业产品,A22,安全性、身份与合规性,A2207
你们公司有没有应用安全产品,企业专属服务,A2,企业产品,A22,安全性、身份与合规性,A2207
你们公司有应用保护产品吗,企业专属服务,A2,企业产品,A22,安全性、身份与合规性,A2207
AWS有没有应用保护产品,企业专属服务,A2,企业产品,A22,安全性、身份与合规性,A2207
AWS有应用保护产品吗,企业专属服务,A2,企业产品,A22,安全性、身份与合规性,A2207
亚马逊云科技都有什么应用保护产品,企业专属服务,A2,企业产品,A22,安全性、身份与合规性,A2207
亚马逊云科技都提供什么应用保护产品,企业专属服务,A2,企业产品,A22,安全性、身份与合规性,A2207
亚马逊云科技都有哪些合规性产品,企业专属服务,A2,企业产品,A22,安全性、身份与合规性,A2207
亚马逊云科技有没有合规性产品,企业专属服务,A2,企业产品,A22,安全性、身份与合规性,A2207
亚马逊云科技有合规性产品吗,企业专属服务,A2,企业产品,A22,安全性、身份与合规性,A2207
跟我说说AWS的合规性产品,企业专属服务,A2,企业产品,A22,安全性、身份与合规性,A2207
给我讲讲你们公司的合规性产品,企业专属服务,A2,企业产品,A22,安全性、身份与合规性,A2207
跟我介绍一下你们公司合规性产品,企业专属服务,A2,企业产品,A22,安全性、身份与合规性,A2207
我想了解一下AWS的合规性产品,企业专属服务,A2,企业产品,A22,安全性、身份与合规性,A2207
把AWS安全产品的资料文件发我一下,企业专属服务,A2,企业产品,A22,安全性、身份与合规性,A2207
把AWS安全产品的资料文件发给我,企业专属服务,A2,企业产品,A22,安全性、身份与合规性,A2207
把AWS安全产品的资料文件发到我邮箱,企业专属服务,A2,企业产品,A22,安全性、身份与合规性,A2207
把AWS热门的安全产品资料发我邮件,企业专属服务,A2,企业产品,A22,安全性、身份与合规性,A2207
把AWS安全产品的说明资料发我一下,企业专属服务,A2,企业产品,A22,安全性、身份与合规性,A2207
把AWS安全产品的说明资料发给我,企业专属服务,A2,企业产品,A22,安全性、身份与合规性,A2207
把亚马逊云科技安全产品的说明资料发到我邮箱,企业专属服务,A2,企业产品,A22,安全性、身份与合规性,A2207
把亚马逊云科技安全产品的说明发我邮件,企业专属服务,A2,企业产品,A22,安全性、身份与合规性,A2207
把亚马逊云科技最新的安全产品文档发我一下,企业专属服务,A2,企业产品,A22,安全性、身份与合规性,A2207
把亚马逊云科技安全产品的文档发给我,企业专属服务,A2,企业产品,A22,安全性、身份与合规性,A2207
把亚马逊云科技安全产品的文档发到我邮箱,企业专属服务,A2,企业产品,A22,安全性、身份与合规性,A2207
把亚马逊云科技安全产品的文档资料发我邮件,企业专属服务,A2,企业产品,A22,安全性、身份与合规性,A2207
可以把安全管理、身份、权限管理产品的文档发我邮箱吗,企业专属服务,A2,企业产品,A22,安全性、身份与合规性,A2207
我想要安全管理、身份、权限管理产品的资料,企业专属服务,A2,企业产品,A22,安全性、身份与合规性,A2207
能提供一下安全管理、身份、权限管理产品的文档资料吗,企业专属服务,A2,企业产品,A22,安全性、身份与合规性,A2207
能提供安全管理、身份、权限管理产品的文档吗,企业专属服务,A2,企业产品,A22,安全性、身份与合规性,A2207
能给一下安全管理、身份、权限管理产品的文件吗，发邮件看看,企业专属服务,A2,企业产品,A22,安全性、身份与合规性,A2207
AWS都有什么解决方案,企业专属服务,A2,企业解决方案,A23,,
AWS都提供什么解决方案,企业专属服务,A2,企业解决方案,A23,,
你们公司都有什么解决方案,企业专属服务,A2,企业解决方案,A23,,
你们公司都提供什么解决方案,企业专属服务,A2,企业解决方案,A23,,
AWS都有哪些解决方案,企业专属服务,A2,企业解决方案,A23,,
AWS都提供哪些解决方案,企业专属服务,A2,企业解决方案,A23,,
你们公司都有哪些解决方案,企业专属服务,A2,企业解决方案,A23,,
你们公司都提供哪些解决方案,企业专属服务,A2,企业解决方案,A23,,
AWS都有啥解决方案,企业专属服务,A2,企业解决方案,A23,,
AWS都提供啥解决方案,企业专属服务,A2,企业解决方案,A23,,
你们公司都有啥解决方案,企业专属服务,A2,企业解决方案,A23,,
你们公司都提供啥解决方案,企业专属服务,A2,企业解决方案,A23,,
跟我说说AWS的解决方案,企业专属服务,A2,企业解决方案,A23,,
给我讲讲AWS的解决方案,企业专属服务,A2,企业解决方案,A23,,
介绍一下AWS的解决方案,企业专属服务,A2,企业解决方案,A23,,
我想了解一下AWS的解决方案,企业专属服务,A2,企业解决方案,A23,,
AWS有哪些热门的企业解决方案,企业专属服务,A2,企业解决方案,A23,,
AWS有什么热门的企业解决方案,企业专属服务,A2,企业解决方案,A23,,
介绍一下AWS针对初创公司的解决方案,企业专属服务,A2,企业解决方案,A23,,
把AWS针对初创公司的解决方案资料发给我,企业专属服务,A2,企业解决方案,A23,,
给我说说AWS关于公共部门的解决方案,企业专属服务,A2,企业解决方案,A23,,
把AWS解决方案的资料文件发我一下,企业专属服务,A2,企业解决方案,A23,,
把AWS解决方案的资料文件发给我,企业专属服务,A2,企业解决方案,A23,,
把AWS解决方案的资料文件发到我邮箱,企业专属服务,A2,企业解决方案,A23,,
把AWS热门的解决方案资料文件发我邮件,企业专属服务,A2,企业解决方案,A23,,
把AWS解决方案的说明资料发我一下,企业专属服务,A2,企业解决方案,A23,,
把AWS解决方案的说明资料发给我,企业专属服务,A2,企业解决方案,A23,,
把亚马逊云科技解决方案的说明资料发到我邮箱,企业专属服务,A2,企业解决方案,A23,,
把亚马逊云科技解决方案的说明发我邮件,企业专属服务,A2,企业解决方案,A23,,
把亚马逊云科技最新的解决方案文档发我一下,企业专属服务,A2,企业解决方案,A23,,
把亚马逊云科技解决方案的文档发给我,企业专属服务,A2,企业解决方案,A23,,
把亚马逊云科技解决方案的文档发到我邮箱,企业专属服务,A2,企业解决方案,A23,,
把亚马逊云科技解决方案的文档资料发我邮件,企业专属服务,A2,企业解决方案,A23,,
AWS有什么技术方案,企业专属服务,A2,企业解决方案,A23,使用案例,A2301
AWS有哪些技术解决方案,企业专属服务,A2,企业解决方案,A23,使用案例,A2301
AWS有什么热门的使用案例解决方案,企业专属服务,A2,企业解决方案,A23,使用案例,A2301
AWS哪些热门的使用案例解决方案,企业专属服务,A2,企业解决方案,A23,使用案例,A2301
亚马逊云科技什么热门的技术方案,企业专属服务,A2,企业解决方案,A23,使用案例,A2301
亚马逊云科技有什么最新的技术解决方案,企业专属服务,A2,企业解决方案,A23,使用案例,A2301
亚马逊云科技有哪些最新的技术解决方案,企业专属服务,A2,企业解决方案,A23,使用案例,A2301
AWS都有什么人工智能与机器学习的解决方案,企业专属服务,A2,企业解决方案,A23,使用案例,A2301
AWS都提供什么人工智能与机器学习的解决方案,企业专属服务,A2,企业解决方案,A23,使用案例,A2301
你们公司有没有人工智能与机器学习的解决方案,企业专属服务,A2,企业解决方案,A23,使用案例,A2301
你们公司有人工智能与机器学习的解决方案吗,企业专属服务,A2,企业解决方案,A23,使用案例,A2301
AWS有没有人工智能与机器学习的解决方案,企业专属服务,A2,企业解决方案,A23,使用案例,A2301
AWS有人工智能与机器学习的解决方案吗,企业专属服务,A2,企业解决方案,A23,使用案例,A2301
介绍一下AWS数据安全的解决方案,企业专属服务,A2,企业解决方案,A23,使用案例,A2301
亚马逊云科技都提供什么数据安全的解决方案,企业专属服务,A2,企业解决方案,A23,使用案例,A2301
亚马逊云科技都有哪些数据安全的解决方案,企业专属服务,A2,企业解决方案,A23,使用案例,A2301
亚马逊云科技有没有数据安全的解决方案,企业专属服务,A2,企业解决方案,A23,使用案例,A2301
亚马逊云科技有数据安全的解决方案吗,企业专属服务,A2,企业解决方案,A23,使用案例,A2301
跟我说说AWS数据安全的解决方案,企业专属服务,A2,企业解决方案,A23,使用案例,A2301
给我讲讲AWS数据安全的解决方案,企业专属服务,A2,企业解决方案,A23,使用案例,A2301
AWS都有什么AI解决方案,企业专属服务,A2,企业解决方案,A23,使用案例,A2301
AWS都提供什么AI解决方案,企业专属服务,A2,企业解决方案,A23,使用案例,A2301
你们公司都有什么AI解决方案,企业专属服务,A2,企业解决方案,A23,使用案例,A2301
你们公司都提供什么AI解决方案,企业专属服务,A2,企业解决方案,A23,使用案例,A2301
AWS都有哪些AI解决方案,企业专属服务,A2,企业解决方案,A23,使用案例,A2301
亚马逊云科技都有哪些数据库解决方案,企业专属服务,A2,企业解决方案,A23,使用案例,A2301
亚马逊云科技有没有数据库解决方案,企业专属服务,A2,企业解决方案,A23,使用案例,A2301
亚马逊云科技有数据库解决方案吗,企业专属服务,A2,企业解决方案,A23,使用案例,A2301
跟我说说AWS的数据库解决方案,企业专属服务,A2,企业解决方案,A23,使用案例,A2301
给我讲讲AWS的数据库解决方案,企业专属服务,A2,企业解决方案,A23,使用案例,A2301
介绍一下AWS的AI解决方案,企业专属服务,A2,企业解决方案,A23,使用案例,A2301
AWS都有什么迁移上云的解决方案,企业专属服务,A2,企业解决方案,A23,使用案例,A2301
AWS都提供什么迁移上云的解决方案,企业专属服务,A2,企业解决方案,A23,使用案例,A2301
你们公司都有什么迁移上云的解决方案,企业专属服务,A2,企业解决方案,A23,使用案例,A2301
AWS有没有迁移上云的解决方案,企业专属服务,A2,企业解决方案,A23,使用案例,A2301
AWS有迁移上云的解决方案吗,企业专属服务,A2,企业解决方案,A23,使用案例,A2301
亚马逊云科技都有什么迁移上云的解决方案,企业专属服务,A2,企业解决方案,A23,使用案例,A2301
亚马逊云科技都提供什么迁移上云的解决方案,企业专属服务,A2,企业解决方案,A23,使用案例,A2301
亚马逊云科技都有哪些迁移上云的解决方案,企业专属服务,A2,企业解决方案,A23,使用案例,A2301
亚马逊云科技有没有迁移上云的解决方案,企业专属服务,A2,企业解决方案,A23,使用案例,A2301
亚马逊云科技有迁移上云的解决方案吗,企业专属服务,A2,企业解决方案,A23,使用案例,A2301
跟我说说AWS迁移上云的解决方案,企业专属服务,A2,企业解决方案,A23,使用案例,A2301
给我讲讲AWS迁移上云的解决方案,企业专属服务,A2,企业解决方案,A23,使用案例,A2301
介绍一下AWS迁移上云的解决方案,企业专属服务,A2,企业解决方案,A23,使用案例,A2301
AWS都有什么企业上云的解决方案,企业专属服务,A2,企业解决方案,A23,使用案例,A2301
AWS都提供什么企业上云的解决方案,企业专属服务,A2,企业解决方案,A23,使用案例,A2301
你们公司都有什么企业上云的解决方案,企业专属服务,A2,企业解决方案,A23,使用案例,A2301
你们公司都提供什么企业上云的解决方案,企业专属服务,A2,企业解决方案,A23,使用案例,A2301
亚马逊云科技都有哪些企业上云的解决方案,企业专属服务,A2,企业解决方案,A23,使用案例,A2301
亚马逊云科技有没有企业上云的解决方案,企业专属服务,A2,企业解决方案,A23,使用案例,A2301
亚马逊云科技有企业上云的解决方案吗,企业专属服务,A2,企业解决方案,A23,使用案例,A2301
跟我说说AWS企业上云的解决方案,企业专属服务,A2,企业解决方案,A23,使用案例,A2301
给我讲讲AWS企业上云的解决方案,企业专属服务,A2,企业解决方案,A23,使用案例,A2301
介绍一下AWS企业上云的解决方案,企业专属服务,A2,企业解决方案,A23,使用案例,A2301
AWS都有什么云迁移的解决方案,企业专属服务,A2,企业解决方案,A23,使用案例,A2301
AWS都提供什么云迁移的解决方案,企业专属服务,A2,企业解决方案,A23,使用案例,A2301
你们公司都有什么云迁移的解决方案,企业专属服务,A2,企业解决方案,A23,使用案例,A2301
你们公司都提供什么云迁移的解决方案,企业专属服务,A2,企业解决方案,A23,使用案例,A2301
AWS都有哪些云迁移的解决方案,企业专属服务,A2,企业解决方案,A23,使用案例,A2301
你们公司都有哪些云迁移的解决方案,企业专属服务,A2,企业解决方案,A23,使用案例,A2301
你们公司都提供哪些云迁移的解决方案,企业专属服务,A2,企业解决方案,A23,使用案例,A2301
你们公司有没有云迁移的解决方案,企业专属服务,A2,企业解决方案,A23,使用案例,A2301
你们公司有云迁移的解决方案吗,企业专属服务,A2,企业解决方案,A23,使用案例,A2301
AWS有没有开发运营的解决方案,企业专属服务,A2,企业解决方案,A23,使用案例,A2301
AWS有开发运营的解决方案吗,企业专属服务,A2,企业解决方案,A23,使用案例,A2301
亚马逊云科技都有什么开发运营的解决方案,企业专属服务,A2,企业解决方案,A23,使用案例,A2301
介绍一下AWS云迁移的解决方案,企业专属服务,A2,企业解决方案,A23,使用案例,A2301
我想了解一下AWS迁移上云的解决方案,企业专属服务,A2,企业解决方案,A23,使用案例,A2301
AWS都有什么数据分析现代化的解决方案,企业专属服务,A2,企业解决方案,A23,使用案例,A2301
AWS都提供什么数据分析现代化的解决方案,企业专属服务,A2,企业解决方案,A23,使用案例,A2301
你们公司都有什么数据分析现代化的解决方案,企业专属服务,A2,企业解决方案,A23,使用案例,A2301
你们公司都提供什么数据分析现代化的解决方案,企业专属服务,A2,企业解决方案,A23,使用案例,A2301
AWS都有哪些数据分析现代化的解决方案,企业专属服务,A2,企业解决方案,A23,使用案例,A2301
你们公司都有哪些数据分析现代化的解决方案,企业专属服务,A2,企业解决方案,A23,使用案例,A2301
你们公司都提供哪些数据分析现代化的解决方案,企业专属服务,A2,企业解决方案,A23,使用案例,A2301
你们公司有没有数据分析现代化的解决方案,企业专属服务,A2,企业解决方案,A23,使用案例,A2301
你们公司有数据分析现代化的解决方案吗,企业专属服务,A2,企业解决方案,A23,使用案例,A2301
AWS有没有数据分析现代化的解决方案,企业专属服务,A2,企业解决方案,A23,使用案例,A2301
AWS有数据分析现代化的解决方案吗,企业专属服务,A2,企业解决方案,A23,使用案例,A2301
亚马逊云科技都有什么数据分析现代化的解决方案,企业专属服务,A2,企业解决方案,A23,使用案例,A2301
给我讲讲AWS数据分析现代化的解决方案,企业专属服务,A2,企业解决方案,A23,使用案例,A2301
介绍一下AWS数据分析现代化的解决方案,企业专属服务,A2,企业解决方案,A23,使用案例,A2301
我想了解一下AWS数据分析现代化的解决方案,企业专属服务,A2,企业解决方案,A23,使用案例,A2301
AWS都有什么现代应用开发的解决方案,企业专属服务,A2,企业解决方案,A23,使用案例,A2301
AWS都提供什么开发运营的解决方案,企业专属服务,A2,企业解决方案,A23,使用案例,A2301
你们公司都有什么开发运营的解决方案,企业专属服务,A2,企业解决方案,A23,使用案例,A2301
你们公司都提供什么开发运营的解决方案,企业专属服务,A2,企业解决方案,A23,使用案例,A2301
AWS都有哪些开发运营的解决方案,企业专属服务,A2,企业解决方案,A23,使用案例,A2301
你们公司都有哪些现代应用开发的解决方案,企业专属服务,A2,企业解决方案,A23,使用案例,A2301
你们公司都提供哪些现代应用开发的解决方案,企业专属服务,A2,企业解决方案,A23,使用案例,A2301
你们公司有没有现代应用开发的解决方案,企业专属服务,A2,企业解决方案,A23,使用案例,A2301
你们公司有现代应用开发的解决方案吗,企业专属服务,A2,企业解决方案,A23,使用案例,A2301
AWS有没有现代应用开发的解决方案,企业专属服务,A2,企业解决方案,A23,使用案例,A2301
AWS有现代应用开发的解决方案吗,企业专属服务,A2,企业解决方案,A23,使用案例,A2301
亚马逊云科技都有什么现代应用开发的解决方案,企业专属服务,A2,企业解决方案,A23,使用案例,A2301
给我讲讲AWS现代应用开发的解决方案,企业专属服务,A2,企业解决方案,A23,使用案例,A2301
介绍一下AWS现代应用开发的解决方案,企业专属服务,A2,企业解决方案,A23,使用案例,A2301
AWS都有什么程序开发的解决方案,企业专属服务,A2,企业解决方案,A23,使用案例,A2301
AWS都提供什么程序开发的解决方案,企业专属服务,A2,企业解决方案,A23,使用案例,A2301
你们公司都有什么程序开发的解决方案,企业专属服务,A2,企业解决方案,A23,使用案例,A2301
你们公司都提供什么程序开发的解决方案,企业专属服务,A2,企业解决方案,A23,使用案例,A2301
AWS都有哪些程序开发的解决方案,企业专属服务,A2,企业解决方案,A23,使用案例,A2301
你们公司都有哪些程序开发的解决方案,企业专属服务,A2,企业解决方案,A23,使用案例,A2301
你们公司都提供哪些程序开发的解决方案,企业专属服务,A2,企业解决方案,A23,使用案例,A2301
你们公司有没有程序开发的解决方案,企业专属服务,A2,企业解决方案,A23,使用案例,A2301
你们公司有程序开发的解决方案吗,企业专属服务,A2,企业解决方案,A23,使用案例,A2301
AWS有没有程序开发的解决方案,企业专属服务,A2,企业解决方案,A23,使用案例,A2301
AWS有程序开发的解决方案吗,企业专属服务,A2,企业解决方案,A23,使用案例,A2301
亚马逊云科技都有什么程序开发的解决方案,企业专属服务,A2,企业解决方案,A23,使用案例,A2301
亚马逊云科技都提供什么程序开发的解决方案,企业专属服务,A2,企业解决方案,A23,使用案例,A2301
亚马逊云科技都有哪些程序开发的解决方案,企业专属服务,A2,企业解决方案,A23,使用案例,A2301
亚马逊云科技有没有程序开发的解决方案,企业专属服务,A2,企业解决方案,A23,使用案例,A2301
亚马逊云科技有程序开发的解决方案吗,企业专属服务,A2,企业解决方案,A23,使用案例,A2301
跟我说说AWS程序开发的解决方案,企业专属服务,A2,企业解决方案,A23,使用案例,A2301
给我讲讲AWS程序开发的解决方案,企业专属服务,A2,企业解决方案,A23,使用案例,A2301
介绍一下AWS程序开发的解决方案,企业专属服务,A2,企业解决方案,A23,使用案例,A2301
我想了解一下AWS现代应用开发的解决方案,企业专属服务,A2,企业解决方案,A23,使用案例,A2301
AWS都有什么云端安全的解决方案,企业专属服务,A2,企业解决方案,A23,使用案例,A2301
AWS都提供什么云端安全的解决方案,企业专属服务,A2,企业解决方案,A23,使用案例,A2301
你们公司都有什么云端安全的解决方案,企业专属服务,A2,企业解决方案,A23,使用案例,A2301
你们公司都提供什么云端安全的解决方案,企业专属服务,A2,企业解决方案,A23,使用案例,A2301
AWS都有哪些云端安全的解决方案,企业专属服务,A2,企业解决方案,A23,使用案例,A2301
你们公司都有哪些云端安全的解决方案,企业专属服务,A2,企业解决方案,A23,使用案例,A2301
你们公司都提供哪些云端安全的解决方案,企业专属服务,A2,企业解决方案,A23,使用案例,A2301
你们公司有没有云端安全的解决方案,企业专属服务,A2,企业解决方案,A23,使用案例,A2301
你们公司有云端安全的解决方案吗,企业专属服务,A2,企业解决方案,A23,使用案例,A2301
AWS有没有云端安全的解决方案,企业专属服务,A2,企业解决方案,A23,使用案例,A2301
跟我说说AWS云端安全的解决方案,企业专属服务,A2,企业解决方案,A23,使用案例,A2301
给我讲讲AWS云端安全的解决方案,企业专属服务,A2,企业解决方案,A23,使用案例,A2301
介绍一下AWS云端安全的解决方案,企业专属服务,A2,企业解决方案,A23,使用案例,A2301
我想了解一下AWS云端安全的解决方案,企业专属服务,A2,企业解决方案,A23,使用案例,A2301
把AWS技术解决方案的资料文件发我一下,企业专属服务,A2,企业解决方案,A23,使用案例,A2301
把AWS技术解决方案的资料文件发给我,企业专属服务,A2,企业解决方案,A23,使用案例,A2301
把AWS技术解决方案的资料文件发到我邮箱,企业专属服务,A2,企业解决方案,A23,使用案例,A2301
把AWS热门的技术解决方案资料文件发我邮件,企业专属服务,A2,企业解决方案,A23,使用案例,A2301
把AWS技术解决方案的说明资料发我一下,企业专属服务,A2,企业解决方案,A23,使用案例,A2301
把AWS技术解决方案的说明资料发给我,企业专属服务,A2,企业解决方案,A23,使用案例,A2301
把亚马逊云科技技术解决方案的说明资料发到我邮箱,企业专属服务,A2,企业解决方案,A23,使用案例,A2301
把亚马逊云科技技术解决方案的说明发我邮件,企业专属服务,A2,企业解决方案,A23,使用案例,A2301
把亚马逊云科技最新的技术解决方案文档发我一下,企业专属服务,A2,企业解决方案,A23,使用案例,A2301
把亚马逊云科技技术解决方案的文档发给我,企业专属服务,A2,企业解决方案,A23,使用案例,A2301
把亚马逊云科技技术解决方案的文档发到我邮箱,企业专属服务,A2,企业解决方案,A23,使用案例,A2301
把亚马逊云科技技术解决方案的文档资料发我邮件,企业专属服务,A2,企业解决方案,A23,使用案例,A2301
AWS有什么行业解决方案,企业专属服务,A2,企业解决方案,A23,行业,A2302
AWS有哪些行业解决方案,企业专属服务,A2,企业解决方案,A23,行业,A2302
AWS没有有行业解决方案,企业专属服务,A2,企业解决方案,A23,行业,A2302
AWS有什么热门的行业解决方案,企业专属服务,A2,企业解决方案,A23,行业,A2302
AWS有哪些热门的行业解决方案,企业专属服务,A2,企业解决方案,A23,行业,A2302
AWS都有什么行业解决方案,企业专属服务,A2,企业解决方案,A23,行业,A2302
AWS都提供什么行业解决方案,企业专属服务,A2,企业解决方案,A23,行业,A2302
你们公司都有什么行业解决方案,企业专属服务,A2,企业解决方案,A23,行业,A2302
你们公司都提供什么行业解决方案,企业专属服务,A2,企业解决方案,A23,行业,A2302
AWS都有哪些行业解决方案,企业专属服务,A2,企业解决方案,A23,行业,A2302
AWS都提供哪些行业解决方案,企业专属服务,A2,企业解决方案,A23,行业,A2302
你们公司都有哪些行业解决方案,企业专属服务,A2,企业解决方案,A23,行业,A2302
你们公司都提供哪些行业解决方案,企业专属服务,A2,企业解决方案,A23,行业,A2302
AWS都有啥行业解决方案,企业专属服务,A2,企业解决方案,A23,行业,A2302
AWS都提供啥行业解决方案,企业专属服务,A2,企业解决方案,A23,行业,A2302
你们公司都有啥行业解决方案,企业专属服务,A2,企业解决方案,A23,行业,A2302
你们公司都提供啥行业解决方案,企业专属服务,A2,企业解决方案,A23,行业,A2302
跟我说说AWS的行业解决方案,企业专属服务,A2,企业解决方案,A23,行业,A2302
给我讲讲AWS的行业解决方案,企业专属服务,A2,企业解决方案,A23,行业,A2302
介绍一下AWS的行业解决方案,企业专属服务,A2,企业解决方案,A23,行业,A2302
我想了解一下AWS的行业解决方案,企业专属服务,A2,企业解决方案,A23,行业,A2302
AWS有制造行业解决方案吗,企业专属服务,A2,企业解决方案,A23,行业,A2302
亚马逊云科技有制造行业解决方案吗,企业专属服务,A2,企业解决方案,A23,行业,A2302
AWS都提供什么制造行业解决方案,企业专属服务,A2,企业解决方案,A23,行业,A2302
你们公司都提供哪些制造行业解决方案,企业专属服务,A2,企业解决方案,A23,行业,A2302
你们公司有没有制造行业解决方案,企业专属服务,A2,企业解决方案,A23,行业,A2302
亚马逊云科技都有什么制造行业解决方案,企业专属服务,A2,企业解决方案,A23,行业,A2302
AWS都有什么制造行业解决方案,企业专属服务,A2,企业解决方案,A23,行业,A2302
你们公司都有哪些旅游行业的解决方案,企业专属服务,A2,企业解决方案,A23,行业,A2302
你们公司都有什么旅游行业的解决方案,企业专属服务,A2,企业解决方案,A23,行业,A2302
亚马逊云科技有没有旅游行业的解决方案,企业专属服务,A2,企业解决方案,A23,行业,A2302
你们公司都提供哪些旅游行业的解决方案,企业专属服务,A2,企业解决方案,A23,行业,A2302
亚马逊云科技有旅游行业的解决方案吗,企业专属服务,A2,企业解决方案,A23,行业,A2302
AWS有没有直播行业的解决方案,企业专属服务,A2,企业解决方案,A23,行业,A2302
你们公司有直播行业的解决方案吗,企业专属服务,A2,企业解决方案,A23,行业,A2302
亚马逊云科技都有哪些直播行业的解决方案,企业专属服务,A2,企业解决方案,A23,行业,A2302
亚马逊云科技都有什么媒体行业的解决方案,企业专属服务,A2,企业解决方案,A23,行业,A2302
你们公司都提供什么媒体行业的解决方案,企业专属服务,A2,企业解决方案,A23,行业,A2302
亚马逊云科技都提供什么媒体行业的解决方案,企业专属服务,A2,企业解决方案,A23,行业,A2302
跟我说说AWS广告行业的解决方案,企业专属服务,A2,企业解决方案,A23,行业,A2302
你们公司有没有广告行业的解决方案,企业专属服务,A2,企业解决方案,A23,行业,A2302
你们公司都提供哪些广告行业的解决方案,企业专属服务,A2,企业解决方案,A23,行业,A2302
AWS都有什么广告行业的解决方案,企业专属服务,A2,企业解决方案,A23,行业,A2302
亚马逊云科技都提供什么广告行业的解决方案,企业专属服务,A2,企业解决方案,A23,行业,A2302
AWS有没有广告行业的解决方案,企业专属服务,A2,企业解决方案,A23,行业,A2302
你们公司有广告行业的解决方案吗,企业专属服务,A2,企业解决方案,A23,行业,A2302
亚马逊云科技都有什么营销行业的解决方案,企业专属服务,A2,企业解决方案,A23,行业,A2302
AWS都提供什么营销行业的解决方案,企业专属服务,A2,企业解决方案,A23,行业,A2302
亚马逊云科技有营销行业的解决方案吗,企业专属服务,A2,企业解决方案,A23,行业,A2302
你们公司都提供什么营销行业的解决方案,企业专属服务,A2,企业解决方案,A23,行业,A2302
你们公司都有哪些营销行业的解决方案,企业专属服务,A2,企业解决方案,A23,行业,A2302
亚马逊云科技有没有营销行业的解决方案,企业专属服务,A2,企业解决方案,A23,行业,A2302
把AWS行业解决方案的资料文件发我一下,企业专属服务,A2,企业解决方案,A23,行业,A2302
把AWS行业解决方案的资料文件发给我,企业专属服务,A2,企业解决方案,A23,行业,A2302
把AWS行业解决方案的资料文件发到我邮箱,企业专属服务,A2,企业解决方案,A23,行业,A2302
把AWS热门的行业解决方案资料文件发我邮件,企业专属服务,A2,企业解决方案,A23,行业,A2302
把AWS行业解决方案的说明资料发我一下,企业专属服务,A2,企业解决方案,A23,行业,A2302
把AWS行业解决方案的说明资料发给我,企业专属服务,A2,企业解决方案,A23,行业,A2302
把亚马逊云科技行业解决方案的说明资料发到我邮箱,企业专属服务,A2,企业解决方案,A23,行业,A2302
把亚马逊云科技行业解决方案的说明发我邮件,企业专属服务,A2,企业解决方案,A23,行业,A2302
把亚马逊云科技最新的行业解决方案文档发我一下,企业专属服务,A2,企业解决方案,A23,行业,A2302
把亚马逊云科技行业解决方案的文档发给我,企业专属服务,A2,企业解决方案,A23,行业,A2302
把亚马逊云科技行业解决方案的文档发到我邮箱,企业专属服务,A2,企业解决方案,A23,行业,A2302
把亚马逊云科技行业解决方案的文档资料发我邮件,企业专属服务,A2,企业解决方案,A23,行业,A2302
AWS有没有针对不同类型组织机构的解决方案,企业专属服务,A2,企业解决方案,A23,组织机构类型,A2303
AWS有什么针对不同组织机构的解决方案,企业专属服务,A2,企业解决方案,A23,组织机构类型,A2303
AWS没有针对不同类型组织机构的解决方案,企业专属服务,A2,企业解决方案,A23,组织机构类型,A2303
亚马逊云科技有没有针对不同类型组织机构的解决方案,企业专属服务,A2,企业解决方案,A23,组织机构类型,A2303
亚马逊云科技有什么针对不同类型组织机构的解决方案,企业专属服务,A2,企业解决方案,A23,组织机构类型,A2303
亚马逊云科技没有针对不同类型组织机构的解决方案,企业专属服务,A2,企业解决方案,A23,组织机构类型,A2303
AWS有什么市场活动,企业专属服务,A2,市场活动,A24,未来活动,A2401
AWS有什么会议,企业专属服务,A2,市场活动,A24,未来活动,A2401
AWS都有哪些活动,企业专属服务,A2,市场活动,A24,未来活动,A2401
市场活动,企业专属服务,A2,市场活动,A24,未来活动,A2401
科技峰会,企业专属服务,A2,市场活动,A24,未来活动,A2401
研讨会,企业专属服务,A2,市场活动,A24,未来活动,A2401
会议,企业专属服务,A2,市场活动,A24,未来活动,A2401
线上活动,企业专属服务,A2,市场活动,A24,未来活动,A2401
线下活动,企业专属服务,A2,市场活动,A24,未来活动,A2401
活动查询,企业专属服务,A2,市场活动,A24,未来活动,A2401
活动推荐,企业专属服务,A2,市场活动,A24,未来活动,A2401
1月份有什么活动,企业专属服务,A2,市场活动,A24,未来活动,A2401
2月份有什么活动,企业专属服务,A2,市场活动,A24,未来活动,A2401
3月份有什么活动,企业专属服务,A2,市场活动,A24,未来活动,A2401
4月份有什么活动,企业专属服务,A2,市场活动,A24,未来活动,A2401
5月份有什么活动,企业专属服务,A2,市场活动,A24,未来活动,A2401
6月份有什么活动,企业专属服务,A2,市场活动,A24,未来活动,A2401
7月份有什么会议,企业专属服务,A2,市场活动,A24,未来活动,A2401
8月份有什么会议,企业专属服务,A2,市场活动,A24,未来活动,A2401
9月份有什么会议,企业专属服务,A2,市场活动,A24,未来活动,A2401
10月份有什么会议,企业专属服务,A2,市场活动,A24,未来活动,A2401
11月份有什么会议,企业专属服务,A2,市场活动,A24,未来活动,A2401
12月份有什么会议,企业专属服务,A2,市场活动,A24,未来活动,A2401
怎么报名亚马逊云科技的研讨会,企业专属服务,A2,市场活动,A24,未来活动,A2401
如何报名亚马逊云科技的研讨会,企业专属服务,A2,市场活动,A24,未来活动,A2401
怎么报名亚马逊云科技的会议,企业专属服务,A2,市场活动,A24,未来活动,A2401
如何报名亚马逊云科技的会议,企业专属服务,A2,市场活动,A24,未来活动,A2401
怎么报名亚马逊云科技的科技峰会,企业专属服务,A2,市场活动,A24,未来活动,A2401
如何报名亚马逊云科技的科技峰会,企业专属服务,A2,市场活动,A24,未来活动,A2401
我能报名AWS的活动吗,企业专属服务,A2,市场活动,A24,未来活动,A2401
我可以报名AWS的会议吗,企业专属服务,A2,市场活动,A24,未来活动,A2401
我能报名AWS的研讨会吗,企业专属服务,A2,市场活动,A24,未来活动,A2401
我可以报名AWS的研讨会吗,企业专属服务,A2,市场活动,A24,未来活动,A2401
报名AWS的研讨会有什么要求没,企业专属服务,A2,市场活动,A24,未来活动,A2401
报名AWS的活动有什么条件没,企业专属服务,A2,市场活动,A24,未来活动,A2401
怎么参加AWS的活动,企业专属服务,A2,市场活动,A24,未来活动,A2401
如何参加AWS的活动,企业专属服务,A2,市场活动,A24,未来活动,A2401
怎么参加AWS的会议,企业专属服务,A2,市场活动,A24,未来活动,A2401
如何参加AWS的会议,企业专属服务,A2,市场活动,A24,未来活动,A2401
怎么参加AWS的科技峰会,企业专属服务,A2,市场活动,A24,未来活动,A2401
如何参加AWS的科技峰会,企业专属服务,A2,市场活动,A24,未来活动,A2401
把9月28号线上活动的邀请函发我一下,企业专属服务,A2,市场活动,A24,未来活动,A2401
把9月28号线上活动的内容发到我手机上,企业专属服务,A2,市场活动,A24,未来活动,A2401
把9月28号线上活动的资料发我手机上,企业专属服务,A2,市场活动,A24,未来活动,A2401
把9月28号线上活动信息发我手机上,企业专属服务,A2,市场活动,A24,未来活动,A2401
把9月28号线上活动的内容发邮件给我,企业专属服务,A2,市场活动,A24,未来活动,A2401
把9月28号线上活动的资料发邮件给我,企业专属服务,A2,市场活动,A24,未来活动,A2401
把9月28号线上活动信息发邮件给我,企业专属服务,A2,市场活动,A24,未来活动,A2401
把9月28号线上活动的内容发我邮箱上,企业专属服务,A2,市场活动,A24,未来活动,A2401
把9月28号线上活动的资料发我邮箱上,企业专属服务,A2,市场活动,A24,未来活动,A2401
把9月28号线上活动信息发我邮箱上,企业专属服务,A2,市场活动,A24,未来活动,A2401
如何参加AWS的研讨会,企业专属服务,A2,市场活动,A24,未来活动,A2401
我能参加AWS的活动吗,企业专属服务,A2,市场活动,A24,未来活动,A2401
我可以参加AWS的会议吗,企业专属服务,A2,市场活动,A24,未来活动,A2401
我能参加AWS的研讨会吗,企业专属服务,A2,市场活动,A24,未来活动,A2401
我可以参加AWS的研讨会吗,企业专属服务,A2,市场活动,A24,未来活动,A2401
参加AWS的研讨会有什么要求没,企业专属服务,A2,市场活动,A24,未来活动,A2401
参加AWS的活动有什么条件没,企业专属服务,A2,市场活动,A24,未来活动,A2401
参加AWS的活动需要什么活动,企业专属服务,A2,市场活动,A24,未来活动,A2401
10月29号深圳的活动是讲电商那一块的吗,企业专属服务,A2,市场活动,A24,未来活动,A2401
11月5号的会议是说电商那块的吗,企业专属服务,A2,市场活动,A24,未来活动,A2401
我想了解11月5号北京线下的会议,企业专属服务,A2,市场活动,A24,未来活动,A2401
10月29号的研讨会是关于哪方面的,企业专属服务,A2,市场活动,A24,未来活动,A2401
11月5号的会议是关于游戏这方面的吗,企业专属服务,A2,市场活动,A24,未来活动,A2401
28号线上的会议是说汽车行业的吗,企业专属服务,A2,市场活动,A24,未来活动,A2401
把28号线上的活动资料发我邮箱,企业专属服务,A2,市场活动,A24,未来活动,A2401
把10月28号的会议具体内容发我邮件,企业专属服务,A2,市场活动,A24,未来活动,A2401
把28号线上的邀请函发我邮箱,企业专属服务,A2,市场活动,A24,未来活动,A2401
11月5号线下的活动是说电商这块的吗,企业专属服务,A2,市场活动,A24,未来活动,A2401
10月28号的研讨会具体内容是啥,企业专属服务,A2,市场活动,A24,未来活动,A2401
我想了解11月5号在线的会议,企业专属服务,A2,市场活动,A24,未来活动,A2401
10月28号线上的会议是说电商那块的吗,企业专属服务,A2,市场活动,A24,未来活动,A2401
11月5号成都的现场活动是讲哪方面的内容,企业专属服务,A2,市场活动,A24,未来活动,A2401
28号在线的会议是说汽车行业的吗,企业专属服务,A2,市场活动,A24,未来活动,A2401
10月28号的会议具体讲什么的内容,企业专属服务,A2,市场活动,A24,未来活动,A2401
10月29号线上的活动是讲电商那一块的吗,企业专属服务,A2,市场活动,A24,未来活动,A2401
10月28号在线的峰会是讲这方面的吗,企业专属服务,A2,市场活动,A24,未来活动,A2401
28号线上的会议是关于哪一块的,企业专属服务,A2,市场活动,A24,未来活动,A2401
11月5号的研讨会是关于游戏这方面的吗,企业专属服务,A2,市场活动,A24,未来活动,A2401
28号线下的会议是关于什么的内容,企业专属服务,A2,市场活动,A24,未来活动,A2401
11月5号的活动是说电商那块的吗,企业专属服务,A2,市场活动,A24,未来活动,A2401
29号的会议是关于什么的内容,企业专属服务,A2,市场活动,A24,未来活动,A2401
28号在线的会议是关于哪一块的,企业专属服务,A2,市场活动,A24,未来活动,A2401
10月28号线下的活动是讲哪方面的东西,企业专属服务,A2,市场活动,A24,未来活动,A2401
28号线下的会议是说汽车行业的吗,企业专属服务,A2,市场活动,A24,未来活动,A2401
10月28号线上的活动是讲这方面的吗,企业专属服务,A2,市场活动,A24,未来活动,A2401
10月28号的会议是讲的什么内容,企业专属服务,A2,市场活动,A24,未来活动,A2401
10月28号的活动是讲这方面的吗,企业专属服务,A2,市场活动,A24,未来活动,A2401
28号在线的会议具体是关于什么的,企业专属服务,A2,市场活动,A24,未来活动,A2401
我想了解11月5号线上的会议,企业专属服务,A2,市场活动,A24,未来活动,A2401
10月29号在线的活动是关于哪方面的,企业专属服务,A2,市场活动,A24,未来活动,A2401
29号的研讨会内容是什么,企业专属服务,A2,市场活动,A24,未来活动,A2401
11月5号成都的现场活动是讲数据库这块的吗,企业专属服务,A2,市场活动,A24,未来活动,A2401
10月29号线下的活动是关于哪方面的,企业专属服务,A2,市场活动,A24,未来活动,A2401
10月28号的研讨会是讲哪方面的东西,企业专属服务,A2,市场活动,A24,未来活动,A2401
11月5号的活动是说汽车行业的吗,企业专属服务,A2,市场活动,A24,未来活动,A2401
10月28号的活动是讲哪方面的东西,企业专属服务,A2,市场活动,A24,未来活动,A2401
11月5号的研讨会是说汽车行业的吗,企业专属服务,A2,市场活动,A24,未来活动,A2401
29号的研讨会是关于什么的内容,企业专属服务,A2,市场活动,A24,未来活动,A2401
28号的研讨会是什么内容,企业专属服务,A2,市场活动,A24,未来活动,A2401
10月28号的活动具体讲什么的内容,企业专属服务,A2,市场活动,A24,未来活动,A2401
10月28号的活动具体内容是啥,企业专属服务,A2,市场活动,A24,未来活动,A2401
11月5号的活动是关于电商这一块的吗,企业专属服务,A2,市场活动,A24,未来活动,A2401
28号北京线下的会议是关于什么的内容,企业专属服务,A2,市场活动,A24,未来活动,A2401
11月5号的研讨会是说电商这块的吗,企业专属服务,A2,市场活动,A24,未来活动,A2401
11月5号线上的研讨会内容是什么,企业专属服务,A2,市场活动,A24,未来活动,A2401
11月5号的活动是关于游戏这方面的吗,企业专属服务,A2,市场活动,A24,未来活动,A2401
28号北京线下的会议是关于哪一块的,企业专属服务,A2,市场活动,A24,未来活动,A2401
28号线上的会议具体是关于什么的,企业专属服务,A2,市场活动,A24,未来活动,A2401
10月29号线下的活动内容是什么,企业专属服务,A2,市场活动,A24,未来活动,A2401
28号北京线下的会议具体是关于什么的,企业专属服务,A2,市场活动,A24,未来活动,A2401
11月5号的活动是说电商这块的吗,企业专属服务,A2,市场活动,A24,未来活动,A2401
10月28号在线的峰会是讲哪方面的东西,企业专属服务,A2,市场活动,A24,未来活动,A2401
28号的活动是什么内容,企业专属服务,A2,市场活动,A24,未来活动,A2401
11月5号在线的活动具体讲啥东西,企业专属服务,A2,市场活动,A24,未来活动,A2401
11月5号线上的研讨会是讲数据库这块的吗,企业专属服务,A2,市场活动,A24,未来活动,A2401
10月29号的技术会议是讲哪一块的东西,企业专属服务,A2,市场活动,A24,未来活动,A2401
28号的活动位置是在什么地方,企业专属服务,A2,市场活动,A24,未来活动,A2401
10月28号的活动是在哪儿举办的,企业专属服务,A2,市场活动,A24,未来活动,A2401
28号的活动是在什么地方举办的,企业专属服务,A2,市场活动,A24,未来活动,A2401
10月28号的现场活动是在什么位置举办的,企业专属服务,A2,市场活动,A24,未来活动,A2401
10月28号的现场活动地址是在哪儿,企业专属服务,A2,市场活动,A24,未来活动,A2401
能把10月28号线上的活动内容发我一下吗,企业专属服务,A2,市场活动,A24,未来活动,A2401
能把10月28号数据创新的活动内容发我一下吗,企业专属服务,A2,市场活动,A24,未来活动,A2401
把10月28号线上的活动介绍发我邮箱一下,企业专属服务,A2,市场活动,A24,未来活动,A2401
可以把11月12号那场西安活动的具体内容发我发邮箱吗,企业专属服务,A2,市场活动,A24,未来活动,A2401
把11月12号那场西安活动的内容给我发个邮件吧,企业专属服务,A2,市场活动,A24,未来活动,A2401
可以把10月28号那场机器学习的活动介绍发我邮箱吗,企业专属服务,A2,市场活动,A24,未来活动,A2401
我想看一下10月28号那场会的介绍,企业专属服务,A2,市场活动,A24,未来活动,A2401
我想看看看10月28号那个会的邀请函,企业专属服务,A2,市场活动,A24,未来活动,A2401
有没有11月5号那场线下的邀请函,企业专属服务,A2,市场活动,A24,未来活动,A2401
我想参加10月28号的活动,企业专属服务,A2,市场活动,A24,未来活动,A2401
我要参加28号的活动,企业专属服务,A2,市场活动,A24,未来活动,A2401
我想报名10月28号的活动,企业专属服务,A2,市场活动,A24,未来活动,A2401
我要报名28号的活动,企业专属服务,A2,市场活动,A24,未来活动,A2401
我要参加28号线上的活动,企业专属服务,A2,市场活动,A24,未来活动,A2401
我想报名10月28号线上的活动,企业专属服务,A2,市场活动,A24,未来活动,A2401
帮我报一下10月28号线上的活动,企业专属服务,A2,市场活动,A24,未来活动,A2401
10月28号上海的峰会是说电商那块的吗,企业专属服务,A2,市场活动,A24,未来活动,A2401
28号上海的会议是说汽车行业的吗,企业专属服务,A2,市场活动,A24,未来活动,A2401
2月5号上海的活动地址在哪儿,企业专属服务,A2,市场活动,A24,未来活动,A2401
2月6号上海的活动地址在哪里,企业专属服务,A2,市场活动,A24,未来活动,A2401
8月12号上海的活动现场地址是在哪个地方,企业专属服务,A2,市场活动,A24,未来活动,A2401
10月15号上海的活动现场是在哪个地方举办的,企业专属服务,A2,市场活动,A24,未来活动,A2401
11月18号上海的活动现场具体哪个地方,企业专属服务,A2,市场活动,A24,未来活动,A2401
11月21号上海的活动现场具体位置在哪儿,企业专属服务,A2,市场活动,A24,未来活动,A2401
有没有11月5号上海线下研讨会的会议邀请函,企业专属服务,A2,市场活动,A24,未来活动,A2401
11月5号上海活动地址,企业专属服务,A2,市场活动,A24,未来活动,A2401
11月5号上海活动酒店,企业专属服务,A2,市场活动,A24,未来活动,A2401
11月5号上海活动是在哪个区举办的,企业专属服务,A2,市场活动,A24,未来活动,A2401
11月5号上海活动是在哪个酒店举办的,企业专属服务,A2,市场活动,A24,未来活动,A2401
11月5号上海活动现场是在什么酒店,企业专属服务,A2,市场活动,A24,未来活动,A2401
我想参加10月28号上海的活动,企业专属服务,A2,市场活动,A24,未来活动,A2401
我要参加28号上海的活动,企业专属服务,A2,市场活动,A24,未来活动,A2401
我想报名10月28号上海的活动,企业专属服务,A2,市场活动,A24,未来活动,A2401
帮我报一下10月19号上海线下的活动,企业专属服务,A2,市场活动,A24,未来活动,A2401
8月28的会议是讲哪方面的东西,企业专属服务,A2,市场活动,A24,未来活动,A2401
9月28的会议是讲哪方面的内容,企业专属服务,A2,市场活动,A24,未来活动,A2401
2月28的活动是讲哪方面的东西,企业专属服务,A2,市场活动,A24,未来活动,A2401
10月21的现场活动地址是在哪个地方,企业专属服务,A2,市场活动,A24,未来活动,A2401
10月29的现场活动是在哪个地方举办的,企业专属服务,A2,市场活动,A24,未来活动,A2401
5月19上海的技术活动是讲哪一块的内容,企业专属服务,A2,市场活动,A24,未来活动,A2401
给我报名10月28的活动,企业专属服务,A2,市场活动,A24,未来活动,A2401
我想了解10月28的会议,企业专属服务,A2,市场活动,A24,未来活动,A2401
未来有什么活动,企业专属服务,A2,市场活动,A24,未来活动,A2401
最近的有什么活动,企业专属服务,A2,市场活动,A24,未来活动,A2401
AWS有什么最新活动,企业专属服务,A2,市场活动,A24,未来活动,A2401
近期有什么活动,企业专属服务,A2,市场活动,A24,未来活动,A2401
最近有什么活动,企业专属服务,A2,市场活动,A24,未来活动,A2401
今年有什么活动,企业专属服务,A2,市场活动,A24,未来活动,A2401
下半年有什么活动,企业专属服务,A2,市场活动,A24,未来活动,A2401
本月有什么活动,企业专属服务,A2,市场活动,A24,未来活动,A2401
这月有什么活动,企业专属服务,A2,市场活动,A24,未来活动,A2401
这个月有什么活动,企业专属服务,A2,市场活动,A24,未来活动,A2401
本周有什么活动,企业专属服务,A2,市场活动,A24,未来活动,A2401
这星期有什么活动,企业专属服务,A2,市场活动,A24,未来活动,A2401
这个星期有什么活动,企业专属服务,A2,市场活动,A24,未来活动,A2401
这礼拜有什么活动,企业专属服务,A2,市场活动,A24,未来活动,A2401
这个礼拜有什么活动,企业专属服务,A2,市场活动,A24,未来活动,A2401
今天有什么活动,企业专属服务,A2,市场活动,A24,未来活动,A2401
今个有什么活动,企业专属服务,A2,市场活动,A24,未来活动,A2401
今天下午有什么活动,企业专属服务,A2,市场活动,A24,未来活动,A2401
今个下午有什么活动,企业专属服务,A2,市场活动,A24,未来活动,A2401
明天有什么活动,企业专属服务,A2,市场活动,A24,未来活动,A2401
后天有什么活动,企业专属服务,A2,市场活动,A24,未来活动,A2401
最近几天有什么活动,企业专属服务,A2,市场活动,A24,未来活动,A2401
最近一周有什么活动,企业专属服务,A2,市场活动,A24,未来活动,A2401
近几天有什么活动,企业专属服务,A2,市场活动,A24,未来活动,A2401
这几天有什么活动,企业专属服务,A2,市场活动,A24,未来活动,A2401
下周有什么活动,企业专属服务,A2,市场活动,A24,未来活动,A2401
下星期有什么活动,企业专属服务,A2,市场活动,A24,未来活动,A2401
下个星期有什么活动,企业专属服务,A2,市场活动,A24,未来活动,A2401
下礼拜有什么活动,企业专属服务,A2,市场活动,A24,未来活动,A2401
下个礼拜有什么活动,企业专属服务,A2,市场活动,A24,未来活动,A2401
最近两周有什么活动,企业专属服务,A2,市场活动,A24,未来活动,A2401
这两周有什么活动,企业专属服务,A2,市场活动,A24,未来活动,A2401
最近两星期有什么活动,企业专属服务,A2,市场活动,A24,未来活动,A2401
这两星期有什么活动,企业专属服务,A2,市场活动,A24,未来活动,A2401
最近两个星期有什么活动,企业专属服务,A2,市场活动,A24,未来活动,A2401
这两个星期有什么活动,企业专属服务,A2,市场活动,A24,未来活动,A2401
最近两个礼拜有什么活动,企业专属服务,A2,市场活动,A24,未来活动,A2401
这两个礼拜有什么活动,企业专属服务,A2,市场活动,A24,未来活动,A2401
这半个月有什么活动,企业专属服务,A2,市场活动,A24,未来活动,A2401
这半月有什么活动,企业专属服务,A2,市场活动,A24,未来活动,A2401
最近半个月有什么活动,企业专属服务,A2,市场活动,A24,未来活动,A2401
最近半月有什么活动,企业专属服务,A2,市场活动,A24,未来活动,A2401
下月有什么活动,企业专属服务,A2,市场活动,A24,未来活动,A2401
下个月有什么活动,企业专属服务,A2,市场活动,A24,未来活动,A2401
周二有什么活动,企业专属服务,A2,市场活动,A24,未来活动,A2401
星期二有什么活动,企业专属服务,A2,市场活动,A24,未来活动,A2401
周三有什么活动,企业专属服务,A2,市场活动,A24,未来活动,A2401
星期三有什么活动,企业专属服务,A2,市场活动,A24,未来活动,A2401
周四有什么活动,企业专属服务,A2,市场活动,A24,未来活动,A2401
星期四有什么活动,企业专属服务,A2,市场活动,A24,未来活动,A2401
周五有什么活动,企业专属服务,A2,市场活动,A24,未来活动,A2401
星期五有什么活动,企业专属服务,A2,市场活动,A24,未来活动,A2401
周六有什么会议,企业专属服务,A2,市场活动,A24,未来活动,A2401
星期六有什么会议,企业专属服务,A2,市场活动,A24,未来活动,A2401
周日有什么会议,企业专属服务,A2,市场活动,A24,未来活动,A2401
星期日有什么会议,企业专属服务,A2,市场活动,A24,未来活动,A2401
星期天有什么会议,企业专属服务,A2,市场活动,A24,未来活动,A2401
周末有什么会议,企业专属服务,A2,市场活动,A24,未来活动,A2401
下周一有什么会议,企业专属服务,A2,市场活动,A24,未来活动,A2401
下星期一有什么会议,企业专属服务,A2,市场活动,A24,未来活动,A2401
下周二有什么会议,企业专属服务,A2,市场活动,A24,未来活动,A2401
下星期二有什么会议,企业专属服务,A2,市场活动,A24,未来活动,A2401
下周三有什么会议,企业专属服务,A2,市场活动,A24,未来活动,A2401
下星期三有什么会议,企业专属服务,A2,市场活动,A24,未来活动,A2401
下周四有什么会议,企业专属服务,A2,市场活动,A24,未来活动,A2401
下星期四有什么会议,企业专属服务,A2,市场活动,A24,未来活动,A2401
下周五有什么会议,企业专属服务,A2,市场活动,A24,未来活动,A2401
下星期五有什么会议,企业专属服务,A2,市场活动,A24,未来活动,A2401
下周六有什么会议,企业专属服务,A2,市场活动,A24,未来活动,A2401
下星期六有什么会议,企业专属服务,A2,市场活动,A24,未来活动,A2401
下周日有什么会议,企业专属服务,A2,市场活动,A24,未来活动,A2401
下星期日有什么会议,企业专属服务,A2,市场活动,A24,未来活动,A2401
下星期天有什么会议,企业专属服务,A2,市场活动,A24,未来活动,A2401
下周末有什么会议,企业专属服务,A2,市场活动,A24,未来活动,A2401
AWS最近有数据分析相关的活动没,企业专属服务,A2,市场活动,A24,未来活动,A2401
AWS这周有安全相关的会议吗,企业专属服务,A2,市场活动,A24,未来活动,A2401
AWS下星期有数据库那方面的会议吗,企业专属服务,A2,市场活动,A24,未来活动,A2401
AWS下星期有没有数据安全这块的会,企业专属服务,A2,市场活动,A24,未来活动,A2401
AWS这个月有没有人工智能方面的活动,企业专属服务,A2,市场活动,A24,未来活动,A2401
AWS这几天有没有什么机器学习相关的会,企业专属服务,A2,市场活动,A24,未来活动,A2401
AWS今天有活动没,企业专属服务,A2,市场活动,A24,未来活动,A2401
亚马逊云科技这两周在福州有哪些讲座,企业专属服务,A2,市场活动,A24,未来活动,A2401
亚马逊云科技最近两星期有哪些活动,企业专属服务,A2,市场活动,A24,未来活动,A2401
你们公司这几天有技术方面的会议吗,企业专属服务,A2,市场活动,A24,未来活动,A2401
你们公司这半月技术方面的有活动没,企业专属服务,A2,市场活动,A24,未来活动,A2401
AWS本月有技术方面的研讨会吗,企业专属服务,A2,市场活动,A24,未来活动,A2401
AWS下周有哪些技术方面的活动,企业专属服务,A2,市场活动,A24,未来活动,A2401
AWS近几天有会议吗,企业专属服务,A2,市场活动,A24,未来活动,A2401
亚马逊云科技这个星期有哪些线下研讨会,企业专属服务,A2,市场活动,A24,未来活动,A2401
你们公司这半个月在厦门有什么活动,企业专属服务,A2,市场活动,A24,未来活动,A2401
你们公司今天下午有什么活动,企业专属服务,A2,市场活动,A24,未来活动,A2401
你们公司这星期有什么线下会议,企业专属服务,A2,市场活动,A24,未来活动,A2401
亚马逊云科技这半月在广州有讲座吗,企业专属服务,A2,市场活动,A24,未来活动,A2401
AWS最近两星期在西安有哪些活动,企业专属服务,A2,市场活动,A24,未来活动,A2401
你们公司最近有活动没,企业专属服务,A2,市场活动,A24,未来活动,A2401
你们公司下个星期在广州有哪些讲座,企业专属服务,A2,市场活动,A24,未来活动,A2401
AWS这个星期有什么峰会,企业专属服务,A2,市场活动,A24,未来活动,A2401
你们公司这两个星期有数据相关的会议吗,企业专属服务,A2,市场活动,A24,未来活动,A2401
亚马逊云科技今天有现场会议吗,企业专属服务,A2,市场活动,A24,未来活动,A2401
你们公司下月在福州有什么峰会,企业专属服务,A2,市场活动,A24,未来活动,A2401
AWS这半月在广州有讲座吗,企业专属服务,A2,市场活动,A24,未来活动,A2401
你们公司本月有讲座吗,企业专属服务,A2,市场活动,A24,未来活动,A2401
AWS这两周有会议吗,企业专属服务,A2,市场活动,A24,未来活动,A2401
亚马逊云科技今天下午有数据相关的会议吗,企业专属服务,A2,市场活动,A24,未来活动,A2401
AWS最近有活动没,企业专属服务,A2,市场活动,A24,未来活动,A2401
AWS明天有活动吗,企业专属服务,A2,市场活动,A24,未来活动,A2401
AWS这两个星期在北京有什么活动,企业专属服务,A2,市场活动,A24,未来活动,A2401
你们公司这个星期有哪些研讨会,企业专属服务,A2,市场活动,A24,未来活动,A2401
你们公司这几天有什么线下活动,企业专属服务,A2,市场活动,A24,未来活动,A2401
AWS最近几天有哪些研讨会,企业专属服务,A2,市场活动,A24,未来活动,A2401
AWS本月有活动没,企业专属服务,A2,市场活动,A24,未来活动,A2401
你们公司近几天在广州有研讨会吗,企业专属服务,A2,市场活动,A24,未来活动,A2401
你们公司下周有哪些峰会,企业专属服务,A2,市场活动,A24,未来活动,A2401
AWS这半月有什么峰会,企业专属服务,A2,市场活动,A24,未来活动,A2401
AWS下星期有哪些线上研讨会,企业专属服务,A2,市场活动,A24,未来活动,A2401
把下周活动的邀请函发我一下,企业专属服务,A2,市场活动,A24,未来活动,A2401
把下周活动的内容发我手机上,企业专属服务,A2,市场活动,A24,未来活动,A2401
把下周活动的资料发我手机上,企业专属服务,A2,市场活动,A24,未来活动,A2401
把下周活动信息发我手机上,企业专属服务,A2,市场活动,A24,未来活动,A2401
把下周活动的内容发邮件给我上,企业专属服务,A2,市场活动,A24,未来活动,A2401
把这周活动的资料发邮件给我上,企业专属服务,A2,市场活动,A24,未来活动,A2401
把这周活动信息发邮件给我上,企业专属服务,A2,市场活动,A24,未来活动,A2401
把这周活动的内容发我邮箱上,企业专属服务,A2,市场活动,A24,未来活动,A2401
把这周活动的资料发我邮箱上,企业专属服务,A2,市场活动,A24,未来活动,A2401
把这周活动信息发我邮箱上,企业专属服务,A2,市场活动,A24,未来活动,A2401
把下周活动的资料发个短信给我,企业专属服务,A2,市场活动,A24,未来活动,A2401
把下周活动信息发个短信给我,企业专属服务,A2,市场活动,A24,未来活动,A2401
把下周活动的内容发邮件给我,企业专属服务,A2,市场活动,A24,未来活动,A2401
把这周活动的资料发邮件给我,企业专属服务,A2,市场活动,A24,未来活动,A2401
把这周活动信息发邮件给我,企业专属服务,A2,市场活动,A24,未来活动,A2401
亚马逊云科技这个星期有什么会议,企业专属服务,A2,市场活动,A24,未来活动,A2401
你们公司近期在西安有研讨会吗,企业专属服务,A2,市场活动,A24,未来活动,A2401
你们公司最近两星期有讲座吗,企业专属服务,A2,市场活动,A24,未来活动,A2401
亚马逊云科技最近几天有会议吗,企业专属服务,A2,市场活动,A24,未来活动,A2401
亚马逊云科技最近两周有什么网络峰会,企业专属服务,A2,市场活动,A24,未来活动,A2401
AWS这两周有哪些活动,企业专属服务,A2,市场活动,A24,未来活动,A2401
亚马逊云科技这两周有哪些现场峰会,企业专属服务,A2,市场活动,A24,未来活动,A2401
AWS下星期有什么峰会,企业专属服务,A2,市场活动,A24,未来活动,A2401
AWS今天下午有讲座吗,企业专属服务,A2,市场活动,A24,未来活动,A2401
AWS本周有哪些研讨会,企业专属服务,A2,市场活动,A24,未来活动,A2401
AWS这个星期有哪些网络活动,企业专属服务,A2,市场活动,A24,未来活动,A2401
AWS本月有什么直播活动,企业专属服务,A2,市场活动,A24,未来活动,A2401
AWS这两星期有哪些用电脑、手机就可以观看的会议,企业专属服务,A2,市场活动,A24,未来活动,A2401
你们公司近期在广州有会议吗,企业专属服务,A2,市场活动,A24,未来活动,A2401
你们公司近期有哪些活动,企业专属服务,A2,市场活动,A24,未来活动,A2401
你们公司最近两周有哪些直播峰会,企业专属服务,A2,市场活动,A24,未来活动,A2401
你们公司明天有线下研讨会吗,企业专属服务,A2,市场活动,A24,未来活动,A2401
AWS下周有哪些直播活动,企业专属服务,A2,市场活动,A24,未来活动,A2401
你们公司后天有哪些线下活动,企业专属服务,A2,市场活动,A24,未来活动,A2401
亚马逊云科技最近两周在厦门有什么峰会,企业专属服务,A2,市场活动,A24,未来活动,A2401
亚马逊云科技这个星期有线下活动吗,企业专属服务,A2,市场活动,A24,未来活动,A2401
你们公司最近两星期在北京有哪些峰会,企业专属服务,A2,市场活动,A24,未来活动,A2401
亚马逊云科技下星期有哪些用手机、电脑就可以观看的峰会,企业专属服务,A2,市场活动,A24,未来活动,A2401
你们公司最近几天在西安有什么会议,企业专属服务,A2,市场活动,A24,未来活动,A2401
AWS这半个月有什么峰会,企业专属服务,A2,市场活动,A24,未来活动,A2401
亚马逊云科技这星期在北京有什么会议,企业专属服务,A2,市场活动,A24,未来活动,A2401
亚马逊云科技本月有网络活动没,企业专属服务,A2,市场活动,A24,未来活动,A2401
你们公司这两星期有哪些直播讲座,企业专属服务,A2,市场活动,A24,未来活动,A2401
你们公司下个月有什么会议,企业专属服务,A2,市场活动,A24,未来活动,A2401
AWS下周有现场会议吗,企业专属服务,A2,市场活动,A24,未来活动,A2401
AWS这半个月有研讨会吗,企业专属服务,A2,市场活动,A24,未来活动,A2401
你们公司下星期有哪些峰会,企业专属服务,A2,市场活动,A24,未来活动,A2401
亚马逊云科技这两个星期在西安有哪些峰会,企业专属服务,A2,市场活动,A24,未来活动,A2401
AWS近期有什么会议,企业专属服务,A2,市场活动,A24,未来活动,A2401
你们公司下个星期有研讨会吗,企业专属服务,A2,市场活动,A24,未来活动,A2401
亚马逊云科技今天有哪些峰会,企业专属服务,A2,市场活动,A24,未来活动,A2401
亚马逊云科技下周有什么活动,企业专属服务,A2,市场活动,A24,未来活动,A2401
亚马逊云科技这月有用手机就可以观看的讲座吗,企业专属服务,A2,市场活动,A24,未来活动,A2401
亚马逊云科技这月在成都有什么峰会,企业专属服务,A2,市场活动,A24,未来活动,A2401
AWS下周在福州有哪些讲座,企业专属服务,A2,市场活动,A24,未来活动,A2401
亚马逊云科技这半个月有哪些会议,企业专属服务,A2,市场活动,A24,未来活动,A2401
你们公司下星期有讲座吗,企业专属服务,A2,市场活动,A24,未来活动,A2401
你们公司下月有哪些讲座,企业专属服务,A2,市场活动,A24,未来活动,A2401
你们公司明天有现场活动吗,企业专属服务,A2,市场活动,A24,未来活动,A2401
你们公司今天下午有什么用电脑、手机就可以观看的活动,企业专属服务,A2,市场活动,A24,未来活动,A2401
AWS这两星期在广州有会议没,企业专属服务,A2,市场活动,A24,未来活动,A2401
你们公司今天有会议吗,企业专属服务,A2,市场活动,A24,未来活动,A2401
AWS本周有哪些网络峰会,企业专属服务,A2,市场活动,A24,未来活动,A2401
你们公司这月有哪些网络峰会,企业专属服务,A2,市场活动,A24,未来活动,A2401
你们公司这几天有什么网络活动,企业专属服务,A2,市场活动,A24,未来活动,A2401
AWS本周有哪些讲座,企业专属服务,A2,市场活动,A24,未来活动,A2401
你们公司这半个月有在线会议吗,企业专属服务,A2,市场活动,A24,未来活动,A2401
亚马逊云科技下个星期有研讨会吗,企业专属服务,A2,市场活动,A24,未来活动,A2401
你们公司这半月有什么活动,企业专属服务,A2,市场活动,A24,未来活动,A2401
你们公司最近两周有在线活动吗,企业专属服务,A2,市场活动,A24,未来活动,A2401
AWS这几天有会议吗,企业专属服务,A2,市场活动,A24,未来活动,A2401
AWS近期有什么峰会,企业专属服务,A2,市场活动,A24,未来活动,A2401
AWS最近几天有会议吗,企业专属服务,A2,市场活动,A24,未来活动,A2401
你们公司这周有讲座吗,企业专属服务,A2,市场活动,A24,未来活动,A2401
你们公司本月有哪些峰会,企业专属服务,A2,市场活动,A24,未来活动,A2401
你们公司今天有讲座吗,企业专属服务,A2,市场活动,A24,未来活动,A2401
AWS最近几天有什么现场活动,企业专属服务,A2,市场活动,A24,未来活动,A2401
亚马逊云科技这周有什么活动,企业专属服务,A2,市场活动,A24,未来活动,A2401
你们公司最近两星期在北京有会议吗,企业专属服务,A2,市场活动,A24,未来活动,A2401
AWS后天在厦门有哪些讲座,企业专属服务,A2,市场活动,A24,未来活动,A2401
AWS这月有线下讲座吗,企业专属服务,A2,市场活动,A24,未来活动,A2401
亚马逊云科技最近两周有线下研讨会吗,企业专属服务,A2,市场活动,A24,未来活动,A2401
亚马逊云科技下周在成都有什么活动,企业专属服务,A2,市场活动,A24,未来活动,A2401
你们公司这个星期有线上讲座吗,企业专属服务,A2,市场活动,A24,未来活动,A2401
亚马逊云科技这两个星期有哪些会议,企业专属服务,A2,市场活动,A24,未来活动,A2401
AWS这半个月有哪些研讨会,企业专属服务,A2,市场活动,A24,未来活动,A2401
你们公司这半月有哪些研讨会,企业专属服务,A2,市场活动,A24,未来活动,A2401
AWS今天有用手机电脑就可以观看的会议没,企业专属服务,A2,市场活动,A24,未来活动,A2401
AWS明天在广州有哪些峰会,企业专属服务,A2,市场活动,A24,未来活动,A2401
AWS下周有线下活动没,企业专属服务,A2,市场活动,A24,未来活动,A2401
你们公司近几天有会议没,企业专属服务,A2,市场活动,A24,未来活动,A2401
亚马逊云科技近几天有讲座吗,企业专属服务,A2,市场活动,A24,未来活动,A2401
AWS今天下午有什么会议,企业专属服务,A2,市场活动,A24,未来活动,A2401
AWS这两个星期有哪些网络研讨会,企业专属服务,A2,市场活动,A24,未来活动,A2401
你们公司本周有哪些在线活动,企业专属服务,A2,市场活动,A24,未来活动,A2401
亚马逊云科技这两周有什么用手机、电脑就可以观看的活动,企业专属服务,A2,市场活动,A24,未来活动,A2401
你们公司下个星期有哪些在线峰会,企业专属服务,A2,市场活动,A24,未来活动,A2401
AWS后天有会议吗,企业专属服务,A2,市场活动,A24,未来活动,A2401
亚马逊云科技明天有什么活动,企业专属服务,A2,市场活动,A24,未来活动,A2401
AWS这两个星期有会议没,企业专属服务,A2,市场活动,A24,未来活动,A2401
你们公司这周有什么峰会,企业专属服务,A2,市场活动,A24,未来活动,A2401
AWS本月有什么会议,企业专属服务,A2,市场活动,A24,未来活动,A2401
你们公司这半月有会议没,企业专属服务,A2,市场活动,A24,未来活动,A2401
AWS最近两周有什么网络峰会,企业专属服务,A2,市场活动,A24,未来活动,A2401
你们公司后天有哪些直播讲座,企业专属服务,A2,市场活动,A24,未来活动,A2401
你们公司今天有现场讲座吗,企业专属服务,A2,市场活动,A24,未来活动,A2401
亚马逊云科技这星期有哪些直播峰会,企业专属服务,A2,市场活动,A24,未来活动,A2401
亚马逊云科技这周有会议没,企业专属服务,A2,市场活动,A24,未来活动,A2401
亚马逊云科技今天下午有线下会议吗,企业专属服务,A2,市场活动,A24,未来活动,A2401
亚马逊云科技这个月有现场活动吗,企业专属服务,A2,市场活动,A24,未来活动,A2401
你们公司这半个月有直播会议没,企业专属服务,A2,市场活动,A24,未来活动,A2401
亚马逊云科技这两周在厦门有哪些活动,企业专属服务,A2,市场活动,A24,未来活动,A2401
亚马逊云科技这两星期有哪些用手机就可以观看的讲座,企业专属服务,A2,市场活动,A24,未来活动,A2401
你们公司下星期有哪些用手机、电脑就可以观看的活动,企业专属服务,A2,市场活动,A24,未来活动,A2401
你们公司本月有什么现场会议,企业专属服务,A2,市场活动,A24,未来活动,A2401
你们公司这月在北京有会议没,企业专属服务,A2,市场活动,A24,未来活动,A2401
你们公司本周有哪些会议,企业专属服务,A2,市场活动,A24,未来活动,A2401
说一下明天的活动内容,企业专属服务,A2,市场活动,A24,未来活动,A2401
那个什么电商的会具体都什么内容,企业专属服务,A2,市场活动,A24,未来活动,A2401
那场数据创新的活动具体内容是什么,企业专属服务,A2,市场活动,A24,未来活动,A2401
那场人工智能的会议都涉及哪些东西,企业专属服务,A2,市场活动,A24,未来活动,A2401
那场机器学习的活动都会讲什么,企业专属服务,A2,市场活动,A24,未来活动,A2401
介绍一下今天的会议,企业专属服务,A2,市场活动,A24,未来活动,A2401
说一下明天线上的会议内容,企业专属服务,A2,市场活动,A24,未来活动,A2401
介绍一下今天线下的会议内容,企业专属服务,A2,市场活动,A24,未来活动,A2401
说一下明天在线的会议内容,企业专属服务,A2,市场活动,A24,未来活动,A2401
介绍一下今天北京线下的会议内容,企业专属服务,A2,市场活动,A24,未来活动,A2401
说一下明天的研讨会介绍,企业专属服务,A2,市场活动,A24,未来活动,A2401
说一下明天的会议日程,企业专属服务,A2,市场活动,A24,未来活动,A2401
介绍一下今天在线的会议内容,企业专属服务,A2,市场活动,A24,未来活动,A2401
介绍一下今天线上的会议内容,企业专属服务,A2,市场活动,A24,未来活动,A2401
介绍一下今天的活动,企业专属服务,A2,市场活动,A24,未来活动,A2401
说一下明天线下的会议内容,企业专属服务,A2,市场活动,A24,未来活动,A2401
我想参加明天的活动,企业专属服务,A2,市场活动,A24,未来活动,A2401
我要参加明天的活动,企业专属服务,A2,市场活动,A24,未来活动,A2401
我要报名明天的活动,企业专属服务,A2,市场活动,A24,未来活动,A2401
给我报名明天的活动,企业专属服务,A2,市场活动,A24,未来活动,A2401
给我报一下明天的活动,企业专属服务,A2,市场活动,A24,未来活动,A2401
帮我报一下明天的活动,企业专属服务,A2,市场活动,A24,未来活动,A2401
我想参加明天线上的活动,企业专属服务,A2,市场活动,A24,未来活动,A2401
我要参加明天线上的活动,企业专属服务,A2,市场活动,A24,未来活动,A2401
我想报名明天线上的活动,企业专属服务,A2,市场活动,A24,未来活动,A2401
我要报名明天线上的活动,企业专属服务,A2,市场活动,A24,未来活动,A2401
帮我报名明天线上的活动,企业专属服务,A2,市场活动,A24,未来活动,A2401
明天线上的活动，给我报一下名,企业专属服务,A2,市场活动,A24,未来活动,A2401
帮我报一下明天线上的活动,企业专属服务,A2,市场活动,A24,未来活动,A2401
亚马逊云科技最近有哪些网上研讨会,企业专属服务,A2,市场活动,A24,未来活动,A2401
亚马逊云科技这个星期有哪些网上会议,企业专属服务,A2,市场活动,A24,未来活动,A2401
亚马逊云科技下个星期有网上研讨会吗,企业专属服务,A2,市场活动,A24,未来活动,A2401
你们公司下周有网上会议没,企业专属服务,A2,市场活动,A24,未来活动,A2401
亚马逊云科技近期有哪些网上研讨会,企业专属服务,A2,市场活动,A24,未来活动,A2401
你们公司最近有哪些网上研讨会,企业专属服务,A2,市场活动,A24,未来活动,A2401
亚马逊云科技最近有哪些网上活动,企业专属服务,A2,市场活动,A24,未来活动,A2401
你们公司这个月有什么网上峰会,企业专属服务,A2,市场活动,A24,未来活动,A2401
AWS这半月有哪些网上讲座,企业专属服务,A2,市场活动,A24,未来活动,A2401
亚马逊云科技最近两周有网上会议没,企业专属服务,A2,市场活动,A24,未来活动,A2401
你们公司下周有什么网上峰会,企业专属服务,A2,市场活动,A24,未来活动,A2401
亚马逊云科技下个月有网上会议吗,企业专属服务,A2,市场活动,A24,未来活动,A2401
你们公司下个星期有网上活动没,企业专属服务,A2,市场活动,A24,未来活动,A2401
亚马逊云科技上个月有哪些网上研讨会,企业专属服务,A2,市场活动,A24,未来活动,A2401
亚马逊云科技近几天有什么网上会议,企业专属服务,A2,市场活动,A24,未来活动,A2401
亚马逊云科技这两星期有网上讲座吗,企业专属服务,A2,市场活动,A24,未来活动,A2401
亚马逊云科技本月有网上活动没,企业专属服务,A2,市场活动,A24,未来活动,A2401
亚马逊云科技上个月有网上会议吗,企业专属服务,A2,市场活动,A24,未来活动,A2401
亚马逊云科技下个月有哪些网上会议,企业专属服务,A2,市场活动,A24,未来活动,A2401
你们公司后天有什么网上活动,企业专属服务,A2,市场活动,A24,未来活动,A2401
AWS下周有什么网上峰会,企业专属服务,A2,市场活动,A24,未来活动,A2401
我想参加明天上海线下的活动,企业专属服务,A2,市场活动,A24,未来活动,A2401
我要参加明天上海线下的活动,企业专属服务,A2,市场活动,A24,未来活动,A2401
我想报名明天上海的活动,企业专属服务,A2,市场活动,A24,未来活动,A2401
我要报名明天上海的活动,企业专属服务,A2,市场活动,A24,未来活动,A2401
帮我报名明天上海的活动,企业专属服务,A2,市场活动,A24,未来活动,A2401
明天上海的活动，给我报一下名,企业专属服务,A2,市场活动,A24,未来活动,A2401
帮我报一下明天上海的活动,企业专属服务,A2,市场活动,A24,未来活动,A2401
你们公司最近两星期在上海有什么活动,企业专属服务,A2,市场活动,A24,未来活动,A2401
AWS近几天在上海有什么活动,企业专属服务,A2,市场活动,A24,未来活动,A2401
你们公司本周在上海有哪些活动,企业专属服务,A2,市场活动,A24,未来活动,A2401
AWS近期在上海有讲座吗,企业专属服务,A2,市场活动,A24,未来活动,A2401
AWS有什么历史活动,企业专属服务,A2,市场活动,A24,历史活动,A2402
AWS举办过有什么活动,企业专属服务,A2,市场活动,A24,历史活动,A2402
AWS以前有什么活动,企业专属服务,A2,市场活动,A24,历史活动,A2402
AWS之前有什么活动,企业专属服务,A2,市场活动,A24,历史活动,A2402
AWS过去有什么活动,企业专属服务,A2,市场活动,A24,历史活动,A2402
过去有什么活动,企业专属服务,A2,市场活动,A24,历史活动,A2402
去年有什么活动,企业专属服务,A2,市场活动,A24,历史活动,A2402
上一年有什么活动,企业专属服务,A2,市场活动,A24,历史活动,A2402
昨天有什么活动,企业专属服务,A2,市场活动,A24,历史活动,A2402
前天有什么活动,企业专属服务,A2,市场活动,A24,历史活动,A2402
上周有什么活动,企业专属服务,A2,市场活动,A24,历史活动,A2402
上星期有什么活动,企业专属服务,A2,市场活动,A24,历史活动,A2402
上个星期有什么活动,企业专属服务,A2,市场活动,A24,历史活动,A2402
前两周有什么活动,企业专属服务,A2,市场活动,A24,历史活动,A2402
上两周有什么活动,企业专属服务,A2,市场活动,A24,历史活动,A2402
前两星期有什么活动,企业专属服务,A2,市场活动,A24,历史活动,A2402
前两个星期有什么活动,企业专属服务,A2,市场活动,A24,历史活动,A2402
上两个星期有什么活动,企业专属服务,A2,市场活动,A24,历史活动,A2402
上个月有什么活动,企业专属服务,A2,市场活动,A24,历史活动,A2402
上月有什么活动,企业专属服务,A2,市场活动,A24,历史活动,A2402
AWS前天有什么活动,企业专属服务,A2,市场活动,A24,历史活动,A2402
你们公司前天有什么在线峰会,企业专属服务,A2,市场活动,A24,历史活动,A2402
AWS前两星期有网络研讨会吗,企业专属服务,A2,市场活动,A24,历史活动,A2402
AWS前两个星期在深圳有哪些峰会,企业专属服务,A2,市场活动,A24,历史活动,A2402
亚马逊云科技前天有在线会议没,企业专属服务,A2,市场活动,A24,历史活动,A2402
AWS前两个星期有什么网络活动,企业专属服务,A2,市场活动,A24,历史活动,A2402
你们公司前两星期有会议吗,企业专属服务,A2,市场活动,A24,历史活动,A2402
亚马逊云科技前两星期有会议吗,企业专属服务,A2,市场活动,A24,历史活动,A2402
AWS前两周有活动没,企业专属服务,A2,市场活动,A24,历史活动,A2402
你们公司前天有哪些讲座,企业专属服务,A2,市场活动,A24,历史活动,A2402
AWS前两周在北京有哪些研讨会,企业专属服务,A2,市场活动,A24,历史活动,A2402
亚马逊云科技前两星期有什么活动,企业专属服务,A2,市场活动,A24,历史活动,A2402
你们公司前两星期有活动没,企业专属服务,A2,市场活动,A24,历史活动,A2402
你们公司前天有会议没,企业专属服务,A2,市场活动,A24,历史活动,A2402
AWS前两星期有现场研讨会吗,企业专属服务,A2,市场活动,A24,历史活动,A2402
AWS前天在上海有哪些研讨会,企业专属服务,A2,市场活动,A24,历史活动,A2402
你们公司前两个星期在西安有会议没,企业专属服务,A2,市场活动,A24,历史活动,A2402
AWS前两周有哪些会议,企业专属服务,A2,市场活动,A24,历史活动,A2402
亚马逊云科技前两个星期有哪些峰会,企业专属服务,A2,市场活动,A24,历史活动,A2402
AWS前天有会议没,企业专属服务,A2,市场活动,A24,历史活动,A2402
你们公司前两周有研讨会吗,企业专属服务,A2,市场活动,A24,历史活动,A2402
你们公司前天有研讨会吗,企业专属服务,A2,市场活动,A24,历史活动,A2402
你们公司前两个星期有什么会议,企业专属服务,A2,市场活动,A24,历史活动,A2402
你们公司前两星期有线上讲座吗,企业专属服务,A2,市场活动,A24,历史活动,A2402
AWS前两周有哪些活动,企业专属服务,A2,市场活动,A24,历史活动,A2402
亚马逊云科技前两星期有哪些直播研讨会,企业专属服务,A2,市场活动,A24,历史活动,A2402
亚马逊云科技前天有哪些峰会,企业专属服务,A2,市场活动,A24,历史活动,A2402
你们公司前天有哪些峰会,企业专属服务,A2,市场活动,A24,历史活动,A2402
你们公司前两个星期有线上会议吗,企业专属服务,A2,市场活动,A24,历史活动,A2402
你们公司前天有什么会议,企业专属服务,A2,市场活动,A24,历史活动,A2402
亚马逊云科技前两周有会议没,企业专属服务,A2,市场活动,A24,历史活动,A2402
AWS前两周有哪些研讨会,企业专属服务,A2,市场活动,A24,历史活动,A2402
你们公司前两星期有会议没,企业专属服务,A2,市场活动,A24,历史活动,A2402
AWS前天有哪些研讨会,企业专属服务,A2,市场活动,A24,历史活动,A2402
你们公司前两周有哪些在线活动,企业专属服务,A2,市场活动,A24,历史活动,A2402
AWS前两周在厦门有研讨会吗,企业专属服务,A2,市场活动,A24,历史活动,A2402
AWS前两星期有什么峰会,企业专属服务,A2,市场活动,A24,历史活动,A2402
亚马逊云科技前两星期有什么线下活动,企业专属服务,A2,市场活动,A24,历史活动,A2402
你们公司前两周有用手机就可以观看的研讨会吗,企业专属服务,A2,市场活动,A24,历史活动,A2402
AWS前两个星期有什么活动,企业专属服务,A2,市场活动,A24,历史活动,A2402
亚马逊云科技前两个星期在北京有什么活动,企业专属服务,A2,市场活动,A24,历史活动,A2402
你们公司前两个星期有哪些研讨会,企业专属服务,A2,市场活动,A24,历史活动,A2402
AWS下周有迁移上云的会议吗,企业专属服务,A2,市场活动,A24,历史活动,A2402
AWS上月在北京有哪些峰会,企业专属服务,A2,市场活动,A24,历史活动,A2402
亚马逊云科技上两星期在西安有会议吗,企业专属服务,A2,市场活动,A24,历史活动,A2402
亚马逊云科技上个月有哪些峰会,企业专属服务,A2,市场活动,A24,历史活动,A2402
你们公司上两周在深圳有会议吗,企业专属服务,A2,市场活动,A24,历史活动,A2402
你们公司上两星期在深圳有哪些研讨会,企业专属服务,A2,市场活动,A24,历史活动,A2402
AWS上两周在成都有会议吗,企业专属服务,A2,市场活动,A24,历史活动,A2402
AWS上个月在北京有什么会议,企业专属服务,A2,市场活动,A24,历史活动,A2402
亚马逊云科技上两周有什么网络会议,企业专属服务,A2,市场活动,A24,历史活动,A2402
你们公司上月有活动没,企业专属服务,A2,市场活动,A24,历史活动,A2402
亚马逊云科技上星期有哪些在线研讨会,企业专属服务,A2,市场活动,A24,历史活动,A2402
你们公司上个星期有活动吗,企业专属服务,A2,市场活动,A24,历史活动,A2402
亚马逊云科技上月在成都有活动没,企业专属服务,A2,市场活动,A24,历史活动,A2402
亚马逊云科技上月在广州有哪些研讨会,企业专属服务,A2,市场活动,A24,历史活动,A2402
亚马逊云科技上个月有哪些线下研讨会,企业专属服务,A2,市场活动,A24,历史活动,A2402
你们公司上个星期有现场讲座吗,企业专属服务,A2,市场活动,A24,历史活动,A2402
AWS上两个星期有网络讲座吗,企业专属服务,A2,市场活动,A24,历史活动,A2402
你们公司上月有会议吗,企业专属服务,A2,市场活动,A24,历史活动,A2402
AWS上两周有活动吗,企业专属服务,A2,市场活动,A24,历史活动,A2402
亚马逊云科技上两周有哪些活动,企业专属服务,A2,市场活动,A24,历史活动,A2402
AWS上个月有什么现场峰会,企业专属服务,A2,市场活动,A24,历史活动,A2402
亚马逊云科技上两星期有活动吗,企业专属服务,A2,市场活动,A24,历史活动,A2402
AWS上周有哪些研讨会,企业专属服务,A2,市场活动,A24,历史活动,A2402
亚马逊云科技上两周在北京有活动吗,企业专属服务,A2,市场活动,A24,历史活动,A2402
AWS上月在成都有哪些会议,企业专属服务,A2,市场活动,A24,历史活动,A2402
AWS上个星期在厦门有哪些讲座,企业专属服务,A2,市场活动,A24,历史活动,A2402
亚马逊云科技上星期有网络讲座吗,企业专属服务,A2,市场活动,A24,历史活动,A2402
亚马逊云科技上个星期有活动没,企业专属服务,A2,市场活动,A24,历史活动,A2402
你们公司上个月有哪些会议,企业专属服务,A2,市场活动,A24,历史活动,A2402
AWS上个星期在上海有会议吗,企业专属服务,A2,市场活动,A24,历史活动,A2402
亚马逊云科技上月有哪些峰会,企业专属服务,A2,市场活动,A24,历史活动,A2402
亚马逊云科技上个星期有哪些在线研讨会,企业专属服务,A2,市场活动,A24,历史活动,A2402
亚马逊云科技上两星期有会议没,企业专属服务,A2,市场活动,A24,历史活动,A2402
你们公司上个星期有线下活动没,企业专属服务,A2,市场活动,A24,历史活动,A2402
你们公司上星期有在线会议吗,企业专属服务,A2,市场活动,A24,历史活动,A2402
亚马逊云科技上月有哪些在线研讨会,企业专属服务,A2,市场活动,A24,历史活动,A2402
亚马逊云科技上两个星期有在线会议没,企业专属服务,A2,市场活动,A24,历史活动,A2402
AWS上两星期在西安有讲座吗,企业专属服务,A2,市场活动,A24,历史活动,A2402
亚马逊云科技上个星期有哪些讲座,企业专属服务,A2,市场活动,A24,历史活动,A2402
你们公司上个月在西安有活动没,企业专属服务,A2,市场活动,A24,历史活动,A2402
你们公司上周有网络活动没,企业专属服务,A2,市场活动,A24,历史活动,A2402
亚马逊云科技上两周在上海有哪些会议,企业专属服务,A2,市场活动,A24,历史活动,A2402
AWS上星期有在线会议吗,企业专属服务,A2,市场活动,A24,历史活动,A2402
AWS上月有哪些活动,企业专属服务,A2,市场活动,A24,历史活动,A2402
亚马逊云科技上周有会议吗,企业专属服务,A2,市场活动,A24,历史活动,A2402
亚马逊云科技上两星期有讲座吗,企业专属服务,A2,市场活动,A24,历史活动,A2402
你们公司上两个星期有哪些讲座,企业专属服务,A2,市场活动,A24,历史活动,A2402
你们公司上两星期有用手机、电脑就可以观看的研讨会吗,企业专属服务,A2,市场活动,A24,历史活动,A2402
AWS上月有什么峰会,企业专属服务,A2,市场活动,A24,历史活动,A2402
AWS上两周有线下活动吗,企业专属服务,A2,市场活动,A24,历史活动,A2402
亚马逊云科技上周在深圳有哪些活动,企业专属服务,A2,市场活动,A24,历史活动,A2402
你们公司上两个星期有哪些峰会,企业专属服务,A2,市场活动,A24,历史活动,A2402
AWS上两星期在厦门有哪些会议,企业专属服务,A2,市场活动,A24,历史活动,A2402
AWS上个月有现场讲座吗,企业专属服务,A2,市场活动,A24,历史活动,A2402
你们公司上两周在福州有什么活动,企业专属服务,A2,市场活动,A24,历史活动,A2402
你们公司上月在上海有什么活动,企业专属服务,A2,市场活动,A24,历史活动,A2402
你们公司上周有什么会议,企业专属服务,A2,市场活动,A24,历史活动,A2402
AWS上个月有什么峰会,企业专属服务,A2,市场活动,A24,历史活动,A2402
你们公司上个星期有哪些研讨会,企业专属服务,A2,市场活动,A24,历史活动,A2402
你们公司上月有哪些直播活动,企业专属服务,A2,市场活动,A24,历史活动,A2402
你们公司上周在深圳有哪些讲座,企业专属服务,A2,市场活动,A24,历史活动,A2402
你们公司上个星期有哪些用手机、电脑就可以观看的讲座,企业专属服务,A2,市场活动,A24,历史活动,A2402
AWS上周在广州有讲座吗,企业专属服务,A2,市场活动,A24,历史活动,A2402
你们公司上月在广州有哪些会议,企业专属服务,A2,市场活动,A24,历史活动,A2402
亚马逊云科技上周有活动吗,企业专属服务,A2,市场活动,A24,历史活动,A2402
AWS上周在西安有哪些研讨会,企业专属服务,A2,市场活动,A24,历史活动,A2402
你们公司上两星期有用电脑、手机就可以观看的活动吗,企业专属服务,A2,市场活动,A24,历史活动,A2402
亚马逊云科技上两星期在广州有哪些活动,企业专属服务,A2,市场活动,A24,历史活动,A2402
你们公司上月在西安有什么峰会,企业专属服务,A2,市场活动,A24,历史活动,A2402
你们公司上两星期在厦门有哪些峰会,企业专属服务,A2,市场活动,A24,历史活动,A2402
你们公司上两星期有哪些研讨会,企业专属服务,A2,市场活动,A24,历史活动,A2402
AWS上个月在广州有什么峰会,企业专属服务,A2,市场活动,A24,历史活动,A2402
你们公司上月在西安有哪些研讨会,企业专属服务,A2,市场活动,A24,历史活动,A2402
你们公司上星期在深圳有哪些峰会,企业专属服务,A2,市场活动,A24,历史活动,A2402
你们公司上两周有哪些用手机电脑就可以观看的讲座,企业专属服务,A2,市场活动,A24,历史活动,A2402
AWS上个月在西安有讲座吗,企业专属服务,A2,市场活动,A24,历史活动,A2402
亚马逊云科技上两个星期有什么会议,企业专属服务,A2,市场活动,A24,历史活动,A2402
AWS上周在西安有什么峰会,企业专属服务,A2,市场活动,A24,历史活动,A2402
亚马逊云科技上周有哪些研讨会,企业专属服务,A2,市场活动,A24,历史活动,A2402
你们公司上两星期有活动吗,企业专属服务,A2,市场活动,A24,历史活动,A2402
AWS昨天在上海有哪些讲座,企业专属服务,A2,市场活动,A24,历史活动,A2402
亚马逊云科技上两个星期在北京有什么活动,企业专属服务,A2,市场活动,A24,历史活动,A2402
你们公司上两周有在线活动吗,企业专属服务,A2,市场活动,A24,历史活动,A2402
你们公司上星期有什么会议,企业专属服务,A2,市场活动,A24,历史活动,A2402
你们公司上周有哪些线上峰会,企业专属服务,A2,市场活动,A24,历史活动,A2402
你们公司上周有线上讲座吗,企业专属服务,A2,市场活动,A24,历史活动,A2402
你们公司上周有线上会议没,企业专属服务,A2,市场活动,A24,历史活动,A2402
你们公司上月有线上会议没,企业专属服务,A2,市场活动,A24,历史活动,A2402
AWS上月有线上会议吗,企业专属服务,A2,市场活动,A24,历史活动,A2402
你们公司上个星期有线上讲座吗,企业专属服务,A2,市场活动,A24,历史活动,A2402
你们公司上个月有线上会议吗,企业专属服务,A2,市场活动,A24,历史活动,A2402
亚马逊云科技上个月有线上研讨会吗,企业专属服务,A2,市场活动,A24,历史活动,A2402
亚马逊云科技昨天有会议吗,企业专属服务,A2,市场活动,A24,历史活动,A2402
你们公司昨天有哪些讲座,企业专属服务,A2,市场活动,A24,历史活动,A2402
你们公司昨天有什么峰会,企业专属服务,A2,市场活动,A24,历史活动,A2402
你们公司昨天在广州有活动吗,企业专属服务,A2,市场活动,A24,历史活动,A2402
AWS昨天有活动吗,企业专属服务,A2,市场活动,A24,历史活动,A2402
你们公司昨天有网络会议吗,企业专属服务,A2,市场活动,A24,历史活动,A2402
你们公司昨天有活动吗,企业专属服务,A2,市场活动,A24,历史活动,A2402
亚马逊云科技昨天有哪些用手机、电脑就可以观看的会议,企业专属服务,A2,市场活动,A24,历史活动,A2402
亚马逊云科技昨天有哪些网络活动,企业专属服务,A2,市场活动,A24,历史活动,A2402
你们公司昨天有哪些网上研讨会,企业专属服务,A2,市场活动,A24,历史活动,A2402
亚马逊云科技昨天有什么网上峰会,企业专属服务,A2,市场活动,A24,历史活动,A2402
把上周活动的邀请函给我发一下,企业专属服务,A2,市场活动,A24,历史活动,A2402
把上周活动的内容发我手机上,企业专属服务,A2,市场活动,A24,历史活动,A2402
把上周活动的资料发我邮箱里,企业专属服务,A2,市场活动,A24,历史活动,A2402
把上周活动信息发我邮箱,企业专属服务,A2,市场活动,A24,历史活动,A2402
把上周活动的内容发邮件给我,企业专属服务,A2,市场活动,A24,历史活动,A2402
把上个月活动的资料发邮件给我,企业专属服务,A2,市场活动,A24,历史活动,A2402
把上个月活动信息发邮件给我上,企业专属服务,A2,市场活动,A24,历史活动,A2402
把上个月活动的内容发我邮箱里,企业专属服务,A2,市场活动,A24,历史活动,A2402
把上个月活动的资料发我邮箱上,企业专属服务,A2,市场活动,A24,历史活动,A2402
把上个月活动信息发我邮箱上,企业专属服务,A2,市场活动,A24,历史活动,A2402
把上周活动的资料发个短信给我,企业专属服务,A2,市场活动,A24,历史活动,A2402
把上周活动信息发个短信给我,企业专属服务,A2,市场活动,A24,历史活动,A2402
把上个月活动的资料给我发一下邮件,企业专属服务,A2,市场活动,A24,历史活动,A2402
把上个月活动信息发邮件给我,企业专属服务,A2,市场活动,A24,历史活动,A2402